Workbook

Sheet Lớp 10
A1: TỔNG KẾT THI ĐUA - TUẦN 1+2 - KHỐI 10
A2: Từ ngày: 21/08/2025 đến ngày: 12/09/2025
A4: LỚP | B4: HỌC TẬP | E4: NỀN NẾP | O4: CÁC HOẠT ĐỘNG KHÁC | S4: ĐIỂM TỔNG KẾT | T4: VỊ THỨ
B5: Tổng điểm các môn học | C5: Tổng các tiết học | D5: ĐIỂM HỌC TẬP | E5: Vắng không phép | F5: Trễ | G5: Mất trật tự | H5: Chuồn học | I5: Tác phong | J5: Trực báo | K5: Sổ sách | L5: Chào cờ | M5: Các vi phạm khác | N5: ĐIỂM NỀN NẾP | O5: Trong trường | P5: Ngoài trường | Q5: Điểm thưởng | R5: ĐIỂM HOẠT ĐỘNG
A7: 10
A8: 10/1 | B8: =300-U8 -> 300 | C8: 30 | D8: =B8 -> 300 | F8: 0.5 | N8: =SUM(E8:M8) -> 0.5 | R8: =SUM(O8:Q8) -> 0 | S8: =D8-N8+R8 -> 299.5 | T8: =RANK(S8,$S$8:$S$19,0) -> 6 | U8: 0
A9: 10/2 | B9: =300-U9 -> 300 | C9: 30 | D9: =B9 -> 300 | F9: 0.5 | M9: 0.5 | N9: =SUM(E9:M9) -> 1 | R9: =SUM(O9:Q9) -> 0 | S9: =D9-N9+R9 -> 299 | T9: =RANK(S9,$S$8:$S$19,0) -> 10 | U9: 0
A10: 10/3 | B10: =300-U10 -> 300 | C10: 30 | D10: =B10 -> 300 | I10: 0.5 | N10: =SUM(E10:M10) -> 0.5 | R10: =SUM(O10:Q10) -> 0 | S10: =D10-N10+R10 -> 299.5 | T10: =RANK(S10,$S$8:$S$19,0) -> 6 | U10: 0
A11: 10/4 | B11: =300-U11 -> 300 | C11: 30 | D11: =B11 -> 300 | F11: 2.5 | N11: =SUM(E11:M11) -> 2.5 | R11: =SUM(O11:Q11) -> 0 | S11: =D11-N11+R11 -> 297.5 | T11: =RANK(S11,$S$8:$S$19,0) -> 12 | U11: 0
A12: 10/5 | B12: =300-U12 -> 300 | C12: 30 | D12: =B12 -> 300 | N12: =SUM(E12:M12) -> 0 | R12: =SUM(O12:Q12) -> 0 | S12: =D12-N12+R12 -> 300 | T12: =RANK(S12,$S$8:$S$19,0) -> 2 | U12: 0
A13: 10/6 | B13: =300-U13 -> 300 | C13: 30 | D13: =B13 -> 300 | I13: 0.5 | N13: =SUM(E13:M13) -> 0.5 | R13: =SUM(O13:Q13) -> 0 | S13: =D13-N13+R13 -> 299.5 | T13: =RANK(S13,$S$8:$S$19,0) -> 6 | U13: 0
A14: 10/7 | B14: =300-U14 -> 300 | C14: 30 | D14: =B14 -> 300 | I14: 0.5 | N14: =SUM(E14:M14) -> 0.5 | Q14: 0.5 | R14: =SUM(O14:Q14) -> 0.5 | S14: =D14-N14+R14 -> 300 | T14: =RANK(S14,$S$8:$S$19,0) -> 2 | U14: 0
A15: 10/8 | B15: =300-U15 -> 300 | C15: 30 | D15: =B15 -> 300 | N15: =SUM(E15:M15) -> 0 | R15: =SUM(O15:Q15) -> 0 | S15: =D15-N15+R15 -> 300 | T15: =RANK(S15,$S$8:$S$19,0) -> 2 | U15: 0
A16: 10/9 | B16: =300-U16 -> 300 | C16: 30 | D16: =B16 -> 300 | N16: =SUM(E16:M16) -> 0 | R16: =SUM(O16:Q16) -> 0 | S16: =D16-N16+R16 -> 300 | T16: =RANK(S16,$S$8:$S$19,0) -> 2 | U16: 0
A17: 10/10 | B17: =300-U17 -> 300 | C17: 30 | D17: =B17 -> 300 | F17: 0.5 | N17: =SUM(E17:M17) -> 0.5 | R17: =SUM(O17:Q17) -> 0 | S17: =D17-N17+R17 -> 299.5 | T17: =RANK(S17,$S$8:$S$19,0) -> 6 | U17: 0
A18: 10/11 | B18: =300-U18 -> 300 | C18: 30 | D18: =B18 -> 300 | F18: 1 | N18: =SUM(E18:M18) -> 1 | R18: =SUM(O18:Q18) -> 0 | S18: =D18-N18+R18 -> 299 | T18: =RANK(S18,$S$8:$S$19,0) -> 10 | U18: 0
A19: 10/12 | B19: =300-U19 -> 300 | C19: 30 | D19: =B19 -> 300 | N19: =SUM(E19:M19) -> 0 | Q19: 0.5 | R19: =SUM(O19:Q19) -> 0.5 | S19: =D19-N19+R19 -> 300.5 | T19: =RANK(S19,$S$8:$S$19,0) -> 1 | U19: 0
B21: Vi phạm | H21: Quên cộng sổ đầu bài: 10/2 | N21: Điểm thưởng các lớp tham gia hoạt động văn nghệ Lễ khai giảng, Lễ chào cờ
B22: 10/1: Trễ: Anh Kiệt | N22: (+0,5): 10/7, 10/12
B23: 10/2: Trễ: Tấn Lộc
B24: 10/3: VPĐP: Quang Vinh
B25: 10/4: Trễ: An Đức, Quốc Hải, Bá Dũng, Thành Đạt, Bảo Trân
B26: 10/6: VPĐP: Trung Chính
B27: 10/7: VPTP: Thiên Thanh
B28: 10/10: Trễ: Hải Sơn
B29: 10/11: Trễ: Minh Trường, Phương Thảo
A33: TỔNG KẾT THI ĐUA - TUẦN 3 - KHỐI 10
A34: Từ ngày: 15/09/2025 đến ngày: 19/09/2025
A36: LỚP | B36: HỌC TẬP | E36: NỀN NẾP | O36: CÁC HOẠT ĐỘNG KHÁC | S36: ĐIỂM TỔNG KẾT | T36: VỊ THỨ
B37: Tổng điểm các môn học | C37: Tổng các tiết học | D37: ĐIỂM HỌC TẬP | E37: Vắng không phép | F37: Trễ | G37: Mất trật tự | H37: Chuồn học | I37: Tác phong | J37: Trực báo | K37: Sổ sách | L37: Chào cờ | M37: Các vi phạm khác | N37: ĐIỂM NỀN NẾP | O37: Trong trường | P37: Ngoài trường | Q37: Điểm thưởng | R37: ĐIỂM HOẠT ĐỘNG
A39: 10
A40: 10/1 | B40: =300-U40 -> 300 | C40: 30 | D40: =B40 -> 300 | N40: =SUM(E40:M40) -> 0 | Q40: 1.5 | R40: =SUM(O40:Q40) -> 1.5 | S40: =D40-N40+R40 -> 301.5 | T40: =RANK(S40,$S$40:$S$51,0) -> 4 | U40: 0
A41: 10/2 | B41: =300-U41 -> 300 | C41: 30 | D41: =B41 -> 300 | I41: 0.5 | N41: =SUM(E41:M41) -> 0.5 | Q41: 2.5 | R41: =SUM(O41:Q41) -> 2.5 | S41: =D41-N41+R41 -> 302 | T41: =RANK(S41,$S$40:$S$51,0) -> 2 | U41: 0
A42: 10/3 | B42: =300-U42 -> 300 | C42: 30 | D42: =B42 -> 300 | E42: 1.5 | K42: 0.5 | N42: =SUM(E42:M42) -> 2 | Q42: 2.5 | R42: =SUM(O42:Q42) -> 2.5 | S42: =D42-N42+R42 -> 300.5 | T42: =RANK(S42,$S$40:$S$51,0) -> 7 | U42: 0
A43: 10/4 | B43: =300-U43 -> 300 | C43: 30 | D43: =B43 -> 300 | N43: =SUM(E43:M43) -> 0 | Q43: 1.5 | R43: =SUM(O43:Q43) -> 1.5 | S43: =D43-N43+R43 -> 301.5 | T43: =RANK(S43,$S$40:$S$51,0) -> 4 | U43: 0
A44: 10/5 | B44: =300-U44 -> 300 | C44: 30 | D44: =B44 -> 300 | F44: 1 | N44: =SUM(E44:M44) -> 1 | Q44: 1.5 | R44: =SUM(O44:Q44) -> 1.5 | S44: =D44-N44+R44 -> 300.5 | T44: =RANK(S44,$S$40:$S$51,0) -> 7 | U44: 0
A45: 10/6 | B45: =300-U45 -> 300 | C45: 30 | D45: =B45 -> 300 | E45: 3 | F45: 0.5 | N45: =SUM(E45:M45) -> 3.5 | Q45: 1.5 | R45: =SUM(O45:Q45) -> 1.5 | S45: =D45-N45+R45 -> 298 | T45: =RANK(S45,$S$40:$S$51,0) -> 11 | U45: 0
A46: 10/7 | B46: =300-U46 -> 299 | C46: 30 | D46: =B46 -> 299 | I46: 0.5 | N46: =SUM(E46:M46) -> 0.5 | Q46: 2.5 | R46: =SUM(O46:Q46) -> 2.5 | S46: =D46-N46+R46 -> 301 | T46: =RANK(S46,$S$40:$S$51,0) -> 6 | U46: 1
A47: 10/8 | B47: =300-U47 -> 300 | C47: 30 | D47: =B47 -> 300 | N47: =SUM(E47:M47) -> 0 | Q47: 2.5 | R47: =SUM(O47:Q47) -> 2.5 | S47: =D47-N47+R47 -> 302.5 | T47: =RANK(S47,$S$40:$S$51,0) -> 1 | U47: 0
A48: 10/9 | B48: =300-U48 -> 300 | C48: 30 | D48: =B48 -> 300 | I48: 2 | N48: =SUM(E48:M48) -> 2 | Q48: 0.5 | R48: =SUM(O48:Q48) -> 0.5 | S48: =D48-N48+R48 -> 298.5 | T48: =RANK(S48,$S$40:$S$51,0) -> 10 | U48: 0
A49: 10/10 | B49: =300-U49 -> 300 | C49: 30 | D49: =B49 -> 300 | F49: 0.5 | I49: 0.5 | N49: =SUM(E49:M49) -> 1 | Q49: 3 | R49: =SUM(O49:Q49) -> 3 | S49: =D49-N49+R49 -> 302 | T49: =RANK(S49,$S$40:$S$51,0) -> 2 | U49: 0
A50: 10/11 | B50: =300-U50 -> 299 | C50: 30 | D50: =B50 -> 299 | E50: 1.5 | I50: 0.5 | K50: 1 | M50: 0.5 | N50: =SUM(E50:M50) -> 3.5 | Q50: 2.5 | R50: =SUM(O50:Q50) -> 2.5 | S50: =D50-N50+R50 -> 298 | T50: =RANK(S50,$S$40:$S$51,0) -> 11 | U50: 1
A51: 10/12 | B51: =300-U51 -> 299 | C51: 30 | D51: =B51 -> 299 | E51: 1.5 | F51: 0.5 | I51: 1 | N51: =SUM(E51:M51) -> 3 | Q51: 4 | R51: =SUM(O51:Q51) -> 4 | S51: =D51-N51+R51 -> 300 | T51: =RANK(S51,$S$40:$S$51,0) -> 9 | U51: 1
B53: Vi phạm | I53: Quên cộng sổ dầu bài: 10/11 | M53: Điểm thưởng các lớp tham gia hoạt động văn nghệ Lễ kỷ niệm 61 năm ngày thành lập trường
B54: 10/2: VPĐP: Trinh Nguyên (16/9) | M54: (+1): 10/12
B55: 10/3: Vắng KP: Gia Anh (QP10/9) Lớp báo vắng sai (17/9)
B56: 10/5: Trễ: Ngọc Ái, Quốc Anh (17/9) | M56: Điểm thưởng các lớp tham gia bình chọn Video Đại sứ văn hóa đọc
B57: 10/6: Vắng KP: Ngọc Châu, Quang Minh (12/9) Trễ: Khánh Tuấn (17/9) | M57: (+1): 10/1, 10/2, 10/3, 10/4, 10/5, 10/6, 10/7, 10/8, 10/10, 10/12
B58: 10/7: VPĐP: Khánh Quỳnh
B59: 10/9: VPĐP: Bảo Hân, Ngọc Bích, Minh Hằng, Huệ Mẫn | M59: Giải thưởng "Gian hàng ngày hội văn hóa"
B60: 10/10: Trễ: Nguyên Thanh VPĐP: Phước Duyên, Perun | M60: Nhất (+2,5): 10/11
B61: 10/11: Vắng KP: An Na (Lý 12/9) VPĐP: Thùy Dương Không trả sổ đầu bài ( 19/9) | M61: Nhì (+2): 10/10, 10/12
B62: 10/12: Vắng KP: Nhật Nam ( TD 12/9) Trễ: Anh Tuấn VPĐP: T Anh Thư VPTP: Giáng My | M62: Ba (+1,5): 10/2, 10/3, 10/7, 10/8
M63: Có tham gia (+0,5): 10/1, 10/4, 10/5, 10/6, 10/9
A67: TỔNG KẾT THI ĐUA - TUẦN 4 - KHỐI 10
A68: Từ ngày: 22/09/2025 đến ngày: 26/09/2025
A70: LỚP | B70: HỌC TẬP | E70: NỀN NẾP | O70: CÁC HOẠT ĐỘNG KHÁC | S70: ĐIỂM TỔNG KẾT | T70: VỊ THỨ
B71: Tổng điểm các môn học | C71: Tổng các tiết học | D71: ĐIỂM HỌC TẬP | E71: Vắng không phép | F71: Trễ | G71: Mất trật tự | H71: Chuồn học | I71: Tác phong | J71: Trực báo | K71: Sổ sách | L71: Chào cờ | M71: Các vi phạm khác | N71: ĐIỂM NỀN NẾP | O71: Trong trường | P71: Ngoài trường | Q71: Điểm thưởng | R71: ĐIỂM HOẠT ĐỘNG
A73: 10
A74: 10/1 | B74: =300-U74 -> 300 | C74: 30 | D74: =B74 -> 300 | F74: 1.5 | I74: 0.5 | K74: 0.5 | N74: =SUM(E74:M74) -> 2.5 | R74: =SUM(O74:Q74) -> 0 | S74: =D74-N74+R74 -> 297.5 | T74: =RANK(S74,$S$74:$S$85,0) -> 9 | U74: 0
A75: 10/2 | B75: =300-U75 -> 300 | C75: 30 | D75: =B75 -> 300 | N75: =SUM(E75:M75) -> 0 | R75: =SUM(O75:Q75) -> 0 | S75: =D75-N75+R75 -> 300 | T75: =RANK(S75,$S$74:$S$85,0) -> 1 | U75: 0
A76: 10/3 | B76: =300-U76 -> 299 | C76: 30 | D76: =B76 -> 299 | I76: 0.5 | M76: 0.5 | N76: =SUM(E76:M76) -> 1 | R76: =SUM(O76:Q76) -> 0 | S76: =D76-N76+R76 -> 298 | T76: =RANK(S76,$S$74:$S$85,0) -> 8 | U76: 1
A77: 10/4 | B77: =300-U77 -> 300 | C77: 30 | D77: =B77 -> 300 | I77: 0.5 | N77: =SUM(E77:M77) -> 0.5 | R77: =SUM(O77:Q77) -> 0 | S77: =D77-N77+R77 -> 299.5 | T77: =RANK(S77,$S$74:$S$85,0) -> 2 | U77: 0
A78: 10/5 | B78: =300-U78 -> 300 | C78: 30 | D78: =B78 -> 300 | F78: 0.5 | I78: 1.5 | M78: 0.5 | N78: =SUM(E78:M78) -> 2.5 | R78: =SUM(O78:Q78) -> 0 | S78: =D78-N78+R78 -> 297.5 | T78: =RANK(S78,$S$74:$S$85,0) -> 9 | U78: 0
A79: 10/6 | B79: =300-U79 -> 300 | C79: 30 | D79: =B79 -> 300 | M79: 0.5 | N79: =SUM(E79:M79) -> 0.5 | R79: =SUM(O79:Q79) -> 0 | S79: =D79-N79+R79 -> 299.5 | T79: =RANK(S79,$S$74:$S$85,0) -> 2 | U79: 0
A80: 10/7 | B80: =300-U80 -> 300 | C80: 30 | D80: =B80 -> 300 | F80: 1.5 | N80: =SUM(E80:M80) -> 1.5 | Q80: 0.5 | R80: =SUM(O80:Q80) -> 0.5 | S80: =D80-N80+R80 -> 299 | T80: =RANK(S80,$S$74:$S$85,0) -> 6 | U80: 0
A81: 10/8 | B81: =300-U81 -> 300 | C81: 30 | D81: =B81 -> 300 | F81: 0.5 | N81: =SUM(E81:M81) -> 0.5 | R81: =SUM(O81:Q81) -> 0 | S81: =D81-N81+R81 -> 299.5 | T81: =RANK(S81,$S$74:$S$85,0) -> 2 | U81: 0
A82: 10/9 | B82: =300-U82 -> 298 | C82: 30 | D82: =B82 -> 298 | I82: 0.5 | K82: 1 | M82: 0.5 | N82: =SUM(E82:M82) -> 2 | R82: =SUM(O82:Q82) -> 0 | S82: =D82-N82+R82 -> 296 | T82: =RANK(S82,$S$74:$S$85,0) -> 12 | U82: 2
A83: 10/10 | B83: =300-U83 -> 300 | C83: 30 | D83: =B83 -> 300 | M83: 0.5 | N83: =SUM(E83:M83) -> 0.5 | R83: =SUM(O83:Q83) -> 0 | S83: =D83-N83+R83 -> 299.5 | T83: =RANK(S83,$S$74:$S$85,0) -> 2 | U83: 0
A84: 10/11 | B84: =300-U84 -> 300 | C84: 30 | D84: =B84 -> 300 | E84: 1.5 | I84: 0.5 | M84: 0.5 | N84: =SUM(E84:M84) -> 2.5 | R84: =SUM(O84:Q84) -> 0 | S84: =D84-N84+R84 -> 297.5 | T84: =RANK(S84,$S$74:$S$85,0) -> 9 | U84: 0
A85: 10/12 | B85: =300-U85 -> 298 | C85: 30 | D85: =B85 -> 298 | N85: =SUM(E85:M85) -> 0 | Q85: 0.5 | R85: =SUM(O85:Q85) -> 0.5 | S85: =D85-N85+R85 -> 298.5 | T85: =RANK(S85,$S$74:$S$85,0) -> 7 | U85: 2
B87: Vi phạm | I87: Cộng sai sổ đầu bài: 10/1
B88: 10/1: Trễ: Nguyên Khoa, Chí Minh Quân, Minh Trí. Vi phạm đồng phục(22/9): Duy Hoàng | I88: Quên cộng sổ đầu bài: 10/5 | P88: Điểm thưởng các lớp tham gia hoạt động văn nghệ Đại hội Đoàn trường
B89: 10/3: VPĐP: Nhật Hào (22/9) | I89: Không chấm thi đua: 10/3, 10/5, 10/6, 10/9, 10/10, 10/11 | P89: (+0,5): 10/7, 10/12
B90: 10/4: VPĐP: Nguyên Phong (24/9)
B91: 10/5: Trễ: Trà My (22/9) VPĐP: Cẩm Cát, Nhật Hào, Xuân Vũ (22/9).
B92: 10/7: Trễ: Đông Mai, Nhật Linh, Kiều Loan
B93: 10/8: Trễ: Trí Dũng
B94: 10/9: VPĐP: Ngọc Bích ; Không nộp sổ Đầu bài (chiều 25/9)
B95: 10/11: Vắng KP: Quý Trung ( Nhạc 22/9) VPĐP: Gia Hân
A99: TỔNG KẾT THI ĐUA - TUẦN 5 - KHỐI 10
A100: Từ ngày: 29/09/2025 đến ngày: 03/10/2025
A102: LỚP | B102: HỌC TẬP | E102: NỀN NẾP | O102: CÁC HOẠT ĐỘNG KHÁC | S102: ĐIỂM TỔNG KẾT | T102: VỊ THỨ
B103: Tổng điểm các môn học | C103: Tổng các tiết học | D103: ĐIỂM HỌC TẬP | E103: Vắng không phép | F103: Trễ | G103: Mất trật tự | H103: Chuồn học | I103: Tác phong | J103: Trực báo | K103: Sổ sách | L103: Chào cờ | M103: Các vi phạm khác | N103: ĐIỂM NỀN NẾP | O103: Trong trường | P103: Ngoài trường | Q103: Điểm thưởng | R103: ĐIỂM HOẠT ĐỘNG
A105: 10
A106: 10/1 | B106: =300-U106 -> 299 | C106: 30 | D106: =B106 -> 299 | E106: 1.5 | I106: 0.5 | M106: 1 | N106: =SUM(E106:M106) -> 3 | Q106: 1 | R106: =SUM(O106:Q106) -> 1 | S106: =D106-N106+R106 -> 297 | T106: =RANK(S106,$S$106:$S$117,0) -> 9 | U106: 1
A107: 10/2 | B107: =300-U107 -> 300 | C107: 30 | D107: =B107 -> 300 | N107: =SUM(E107:M107) -> 0 | Q107: 1 | R107: =SUM(O107:Q107) -> 1 | S107: =D107-N107+R107 -> 301 | T107: =RANK(S107,$S$106:$S$117,0) -> 2 | U107: 0
A108: 10/3 | B108: =300-U108 -> 300 | C108: 30 | D108: =B108 -> 300 | E108: 3 | I108: 1 | K108: 1 | N108: =SUM(E108:M108) -> 5 | Q108: 1 | R108: =SUM(O108:Q108) -> 1 | S108: =D108-N108+R108 -> 296 | T108: =RANK(S108,$S$106:$S$117,0) -> 11 | U108: 0
A109: 10/4 | B109: =300-U109 -> 300 | C109: 30 | D109: =B109 -> 300 | E109: 1.5 | N109: =SUM(E109:M109) -> 1.5 | Q109: 1 | R109: =SUM(O109:Q109) -> 1 | S109: =D109-N109+R109 -> 299.5 | T109: =RANK(S109,$S$106:$S$117,0) -> 5 | U109: 0
A110: 10/5 | B110: =300-U110 -> 300 | C110: 30 | D110: =B110 -> 300 | E110: 3 | F110: 1 | M110: 0.5 | N110: =SUM(E110:M110) -> 4.5 | Q110: 1 | R110: =SUM(O110:Q110) -> 1 | S110: =D110-N110+R110 -> 296.5 | T110: =RANK(S110,$S$106:$S$117,0) -> 10 | U110: 0
A111: 10/6 | B111: =300-U111 -> 298 | C111: 30 | D111: =B111 -> 298 | N111: =SUM(E111:M111) -> 0 | Q111: 1 | R111: =SUM(O111:Q111) -> 1 | S111: =D111-N111+R111 -> 299 | T111: =RANK(S111,$S$106:$S$117,0) -> 6 | U111: 2
A112: 10/7 | B112: =300-U112 -> 300 | C112: 30 | D112: =B112 -> 300 | N112: =SUM(E112:M112) -> 0 | Q112: 1 | R112: =SUM(O112:Q112) -> 1 | S112: =D112-N112+R112 -> 301 | T112: =RANK(S112,$S$106:$S$117,0) -> 2 | U112: 0
A113: 10/8 | B113: =300-U113 -> 298 | C113: 30 | D113: =B113 -> 298 | E113: 1.5 | F113: 0.5 | K113: 1 | N113: =SUM(E113:M113) -> 3 | Q113: 1 | R113: =SUM(O113:Q113) -> 1 | S113: =D113-N113+R113 -> 296 | T113: =RANK(S113,$S$106:$S$117,0) -> 11 | U113: 2
A114: 10/9 | B114: =300-U114 -> 299 | C114: 30 | D114: =B114 -> 299 | N114: =SUM(E114:M114) -> 0 | Q114: 1 | R114: =SUM(O114:Q114) -> 1 | S114: =D114-N114+R114 -> 300 | T114: =RANK(S114,$S$106:$S$117,0) -> 4 | U114: 1
A115: 10/10 | B115: =300-U115 -> 300 | C115: 30 | D115: =B115 -> 300 | E115: 1.5 | K115: 1 | N115: =SUM(E115:M115) -> 2.5 | Q115: 5 | R115: =SUM(O115:Q115) -> 5 | S115: =D115-N115+R115 -> 302.5 | T115: =RANK(S115,$S$106:$S$117,0) -> 1 | U115: 0
A116: 10/11 | B116: =300-U116 -> 300 | C116: 30 | D116: =B116 -> 300 | E116: 1.5 | M116: 0.5 | N116: =SUM(E116:M116) -> 2 | Q116: 1 | R116: =SUM(O116:Q116) -> 1 | S116: =D116-N116+R116 -> 299 | T116: =RANK(S116,$S$106:$S$117,0) -> 6 | U116: 0
A117: 10/12 | B117: =300-U117 -> 300 | C117: 30 | D117: =B117 -> 300 | E117: 1.5 | N117: =SUM(E117:M117) -> 1.5 | R117: =SUM(O117:Q117) -> 0 | S117: =D117-N117+R117 -> 298.5 | T117: =RANK(S117,$S$106:$S$117,0) -> 8 | U117: 0
B119: Vi phạm | I119: Vắng rèn luyện Đoàn viên: Anh Kiệt 10/1; Gia Anh, Quang Vinh 10/3
B120: 10/1: Ăn trong lớp: Bích Thiện (01/10) VPĐP: Nhật Minh (01/10) Không đội mũ BH: Trần Huy (03/10)
B121: 10/3: VPĐP: Nhật Hoàng, Quang Vinh (01/10) Không trả Sổ Đầu bài (01/10) | L121: Điểm thưởng lớp có học sinh tham gia đạt giải tại Giải bơi do Thành ĐOàn tổ chức
...

Sheet Lớp 11
A1: TỔNG KẾT THI ĐUA - TUẦN 1 + 2 - KHỐI 11
A2: Từ ngày: 21/08/2025 đến ngày: 12/09/2025
A4: LỚP | B4: HỌC TẬP | E4: NỀN NẾP | O4: CÁC HOẠT ĐỘNG KHÁC | S4: ĐIỂM TỔNG KẾT | T4: VỊ THỨ
B5: Tổng điểm các môn học | C5: Tổng các tiết học | D5: ĐIỂM HỌC TẬP | E5: Vắng không phép | F5: Trễ | G5: Mất trật tự | H5: Chuồn học | I5: Tác phong | J5: Trực báo | K5: Sổ sách | L5: Chào cờ | M5: Các vi phạm khác | N5: ĐIỂM NỀN NẾP | O5: Trong trường | P5: Ngoài trường | Q5: Điểm thưởng | R5: ĐIỂM HOẠT ĐỘNG
A7: 11
A8: 11/1 | B8: =300-U8 -> 300 | C8: 30 | D8: =B8 -> 300 | I8: 0.5 | M8: 1 | N8: =SUM(E8:M8) -> 1.5 | Q8: 2 | R8: =SUM(O8:Q8) -> 2 | S8: =D8-N8+R8 -> 300.5 | T8: =RANK(S8,$S$8:$S$21,0) -> 1 | U8: 0
A9: 11/2 | B9: =300-U9 -> 300 | C9: 30 | D9: =B9 -> 300 | E9: 1.5 | F9: 0.5 | N9: =SUM(E9:M9) -> 2 | Q9: 2 | R9: =SUM(O9:Q9) -> 2 | S9: =D9-N9+R9 -> 300 | T9: =RANK(S9,$S$8:$S$21,0) -> 2 | U9: 0
A10: 11/3 | B10: =300-U10 -> 300 | C10: 30 | D10: =B10 -> 300 | F10: 1 | N10: =SUM(E10:M10) -> 1 | R10: =SUM(O10:Q10) -> 0 | S10: =D10-N10+R10 -> 299 | T10: =RANK(S10,$S$8:$S$21,0) -> 10 | U10: 0
A11: 11/4 | B11: =300-U11 -> 300 | C11: 30 | D11: =B11 -> 300 | N11: =SUM(E11:M11) -> 0 | R11: =SUM(O11:Q11) -> 0 | S11: =D11-N11+R11 -> 300 | T11: =RANK(S11,$S$8:$S$21,0) -> 2 | U11: 0
A12: 11/5 | B12: =300-U12 -> 300 | C12: 30 | D12: =B12 -> 300 | I12: 0.5 | N12: =SUM(E12:M12) -> 0.5 | Q12: 0.5 | R12: =SUM(O12:Q12) -> 0.5 | S12: =D12-N12+R12 -> 300 | T12: =RANK(S12,$S$8:$S$21,0) -> 2 | U12: 0
A13: 11/6 | B13: =300-U13 -> 300 | C13: 30 | D13: =B13 -> 300 | E13: 3 | F13: 0.5 | I13: 1.5 | N13: =SUM(E13:M13) -> 5 | R13: =SUM(O13:Q13) -> 0 | S13: =D13-N13+R13 -> 295 | T13: =RANK(S13,$S$8:$S$21,0) -> 14 | U13: 0
A14: 11/7 | B14: =300-U14 -> 300 | C14: 30 | D14: =B14 -> 300 | N14: =SUM(E14:M14) -> 0 | R14: =SUM(O14:Q14) -> 0 | S14: =D14-N14+R14 -> 300 | T14: =RANK(S14,$S$8:$S$21,0) -> 2 | U14: 0
A15: 11/8 | B15: =300-U15 -> 300 | C15: 30 | D15: =B15 -> 300 | E15: 1.5 | N15: =SUM(E15:M15) -> 1.5 | R15: =SUM(O15:Q15) -> 0 | S15: =D15-N15+R15 -> 298.5 | T15: =RANK(S15,$S$8:$S$21,0) -> 11 | U15: 0
A16: 11/9 | B16: =300-U16 -> 300 | C16: 30 | D16: =B16 -> 300 | F16: 0.5 | I16: 0.5 | N16: =SUM(E16:M16) -> 1 | Q16: 0.5 | R16: =SUM(O16:Q16) -> 0.5 | S16: =D16-N16+R16 -> 299.5 | T16: =RANK(S16,$S$8:$S$21,0) -> 7 | U16: 0
A17: 11/10 | B17: =300-U17 -> 300 | C17: 30 | D17: =B17 -> 300 | F17: 0.5 | N17: =SUM(E17:M17) -> 0.5 | R17: =SUM(O17:Q17) -> 0 | S17: =D17-N17+R17 -> 299.5 | T17: =RANK(S17,$S$8:$S$21,0) -> 7 | U17: 0
A18: 11/11 | B18: =300-U18 -> 300 | C18: 30 | D18: =B18 -> 300 | M18: 0.5 | N18: =SUM(E18:M18) -> 0.5 | Q18: 0.5 | R18: =SUM(O18:Q18) -> 0.5 | S18: =D18-N18+R18 -> 300 | T18: =RANK(S18,$S$8:$S$21,0) -> 2 | U18: 0
A19: 11/12 | B19: =300-U19 -> 300 | C19: 30 | D19: =B19 -> 300 | E19: 3 | N19: =SUM(E19:M19) -> 3 | Q19: 0.5 | R19: =SUM(O19:Q19) -> 0.5 | S19: =D19-N19+R19 -> 297.5 | T19: =RANK(S19,$S$8:$S$21,0) -> 12 | U19: 0
A20: 11/13 | B20: =300-U20 -> 300 | C20: 30 | D20: =B20 -> 300 | I20: 0.5 | N20: =SUM(E20:M20) -> 0.5 | R20: =SUM(O20:Q20) -> 0 | S20: =D20-N20+R20 -> 299.5 | T20: =RANK(S20,$S$8:$S$21,0) -> 7 | U20: 0
A21: 11/14 | B21: =300-U21 -> 300 | C21: 30 | D21: =B21 -> 300 | F21: 2 | M21: 1 | N21: =SUM(E21:M21) -> 3 | Q21: 0.5 | R21: =SUM(O21:Q21) -> 0.5 | S21: =D21-N21+R21 -> 297.5 | T21: =RANK(S21,$S$8:$S$21,0) -> 12 | U21: 0
B23: Vi Phạm
B24: 11/1: VPĐP: Huy Hùng Hút thuốc lá: Lâm Hiếu | K24: Không tham gia tập huấn (-1): 11/14
B25: 11/2: Vắng KP: Tiến Thạnh ( 28/8) Trễ: Khánh Việt
B26: 11/3: Trễ: Linh Đan, Thúy Trúc | K26: Điểm thưởng các lớp tham gia hoạt động văn nghệ Lễ khai giảng, Lễ chào cờ
K27: (+2): 11/1, 11/2
B28: 11/5: VPTP: Nguyên Khoa | K28: (+0,5): 11/5, 11/9, 11/11, 11/12, 11/14
B29: 11/6: Vắng KP: Minh khôi, Quốc Huy ( 28/8) Trễ: Đình Quyền VPTP: Bảo Quân, Quốc Huy VPĐP: Quỳnh Anh
B31: 11/8: Vắng KP: Việt Thắng ( 28/8)
B32: 11/9: Trễ: Thảo Linh VPTP: Bảo Trâm
B33: 11/10: Trễ: Trung Ngọc
B34: 11/11: KMBH: Bảo Trí
B35: 11/12: Vắng KP: Long Nhật , Thủy Tiên ( 28/8)
B36: 11/13: VPĐP: Quốc Bảo
B37: 11/14: Trễ: Hoàng Anh, Bảo Nam, Bích Ngọc, Uyên Ngân
A41: TỔNG KẾT THI ĐUA - TUẦN 3 - KHỐI 11
A42: Từ ngày: 15/09/2025 đến ngày: 19/09/2025
A44: LỚP | B44: HỌC TẬP | E44: NỀN NẾP | O44: CÁC HOẠT ĐỘNG KHÁC | S44: ĐIỂM TỔNG KẾT | T44: VỊ THỨ
B45: Tổng điểm các môn học | C45: Tổng các tiết học | D45: ĐIỂM HỌC TẬP | E45: Vắng không phép | F45: Trễ | G45: Mất trật tự | H45: Chuồn học | I45: Tác phong | J45: Trực báo | K45: Sổ sách | L45: Chào cờ | M45: Các vi phạm khác | N45: ĐIỂM NỀN NẾP | O45: Trong trường | P45: Ngoài trường | Q45: Điểm thưởng | R45: ĐIỂM HOẠT ĐỘNG
A47: 11
A48: 11/1 | B48: =300-U48 -> 299 | C48: 30 | D48: =B48 -> 299 | N48: =SUM(E48:M48) -> 0 | Q48: 1.5 | R48: =SUM(O48:Q48) -> 1.5 | S48: =D48-N48+R48 -> 300.5 | T48: =RANK(S48,$S$48:$S$61,0) -> 11 | U48: 1
A49: 11/2 | B49: =300-U49 -> 300 | C49: 30 | D49: =B49 -> 300 | L49: 0.5 | N49: =SUM(E49:M49) -> 0.5 | Q49: 3 | R49: =SUM(O49:Q49) -> 3 | S49: =D49-N49+R49 -> 302.5 | T49: =RANK(S49,$S$48:$S$61,0) -> 2 | U49: 0
A50: 11/3 | B50: =300-U50 -> 300 | C50: 30 | D50: =B50 -> 300 | I50: 0.5 | L50: 0.5 | N50: =SUM(E50:M50) -> 1 | Q50: 3.5 | R50: =SUM(O50:Q50) -> 3.5 | S50: =D50-N50+R50 -> 302.5 | T50: =RANK(S50,$S$48:$S$61,0) -> 2 | U50: 0
A51: 11/4 | B51: =300-U51 -> 300 | C51: 30 | D51: =B51 -> 300 | N51: =SUM(E51:M51) -> 0 | Q51: 4 | R51: =SUM(O51:Q51) -> 4 | S51: =D51-N51+R51 -> 304 | T51: =RANK(S51,$S$48:$S$61,0) -> 1 | U51: 0
A52: 11/5 | B52: =300-U52 -> 300 | C52: 30 | D52: =B52 -> 300 | I52: 0.5 | N52: =SUM(E52:M52) -> 0.5 | Q52: 3 | R52: =SUM(O52:Q52) -> 3 | S52: =D52-N52+R52 -> 302.5 | T52: =RANK(S52,$S$48:$S$61,0) -> 2 | U52: 0
A53: 11/6 | B53: =300-U53 -> 298 | C53: 30 | D53: =B53 -> 298 | E53: 3 | F53: 1.5 | I53: 1 | N53: =SUM(E53:M53) -> 5.5 | Q53: 2 | R53: =SUM(O53:Q53) -> 2 | S53: =D53-N53+R53 -> 294.5 | T53: =RANK(S53,$S$48:$S$61,0) -> 14 | U53: 2
A54: 11/7 | B54: =300-U54 -> 300 | C54: 30 | D54: =B54 -> 300 | F54: 0.5 | I54: 0.5 | N54: =SUM(E54:M54) -> 1 | Q54: 2.5 | R54: =SUM(O54:Q54) -> 2.5 | S54: =D54-N54+R54 -> 301.5 | T54: =RANK(S54,$S$48:$S$61,0) -> 8 | U54: 0
A55: 11/8 | B55: =300-U55 -> 300 | C55: 30 | D55: =B55 -> 300 | F55: 1.5 | I55: 3 | L55: 0.5 | N55: =SUM(E55:M55) -> 5 | Q55: 5.5 | R55: =SUM(O55:Q55) -> 5.5 | S55: =D55-N55+R55 -> 300.5 | T55: =RANK(S55,$S$48:$S$61,0) -> 11 | U55: 0
A56: 11/9 | B56: =300-U56 -> 300 | C56: 30 | D56: =B56 -> 300 | F56: 0.5 | L56: 0.5 | M56: 0.5 | N56: =SUM(E56:M56) -> 1.5 | Q56: 2.5 | R56: =SUM(O56:Q56) -> 2.5 | S56: =D56-N56+R56 -> 301 | T56: =RANK(S56,$S$48:$S$61,0) -> 9 | U56: 0
A57: 11/10 | B57: =300-U57 -> 300 | C57: 30 | D57: =B57 -> 300 | I57: 0.5 | N57: =SUM(E57:M57) -> 0.5 | Q57: 3 | R57: =SUM(O57:Q57) -> 3 | S57: =D57-N57+R57 -> 302.5 | T57: =RANK(S57,$S$48:$S$61,0) -> 2 | U57: 0
A58: 11/11 | B58: =300-U58 -> 300 | C58: 30 | D58: =B58 -> 300 | F58: 2 | N58: =SUM(E58:M58) -> 2 | Q58: 3 | R58: =SUM(O58:Q58) -> 3 | S58: =D58-N58+R58 -> 301 | T58: =RANK(S58,$S$48:$S$61,0) -> 9 | U58: 0
A59: 11/12 | B59: =300-U59 -> 300 | C59: 30 | D59: =B59 -> 300 | N59: =SUM(E59:M59) -> 0 | Q59: 2 | R59: =SUM(O59:Q59) -> 2 | S59: =D59-N59+R59 -> 302 | T59: =RANK(S59,$S$48:$S$61,0) -> 6 | U59: 0
A60: 11/13 | B60: =300-U60 -> 300 | C60: 30 | D60: =B60 -> 300 | F60: 0.5 | I60: 0.5 | N60: =SUM(E60:M60) -> 1 | Q60: 3 | R60: =SUM(O60:Q60) -> 3 | S60: =D60-N60+R60 -> 302 | T60: =RANK(S60,$S$48:$S$61,0) -> 6 | U60: 0
A61: 11/14 | B61: =300-U61 -> 300 | C61: 30 | D61: =B61 -> 300 | E61: 1.5 | F61: 0.5 | I61: 0.5 | N61: =SUM(E61:M61) -> 2.5 | Q61: 2.5 | R61: =SUM(O61:Q61) -> 2.5 | S61: =D61-N61+R61 -> 300 | T61: =RANK(S61,$S$48:$S$61,0) -> 13 | U61: 0
B63: Vi phạm | M63: Điểm thưởng các lớp tham gia hoạt động văn nghệ Lễ kỷ niệm 61 năm ngày thành lập trường
B64: 11/2: Không cất bản tên lớp (15/9) | M64: (+0,5): 11/4, 11/5, 11/9, 11/11, 11/12, 11/13, 11/14
B65: 11/3: Không cất bản tên lớp (15/9) VPĐP: Trung Kiên | M65: ĐIểm thưởng tham gia điều động của Hội CTĐ
B66: 11/5: VPĐP: Xuân Vinh | M66: (+2): 11/3, 11/8
B67: 11/6: Vắng KP: Ngọc Nhân , Văn Hoàng Long ( TD 11/9) Trễ: Nhật Tiến , Đình Quyền, Văn Long VPĐP: Hoàng Long, Bảo Quân | M67: Điểm thưởng các lớp tham gia bình chọn Video Đại sứ văn hóa đọc
B68: 11/7: Trễ: Quỳnh Hương VPĐP: Thế Bảo | M68: (+1): từ 11/1 đến 11/14
B69: 11/8: Không cất bản tên lớp (15/9) Trễ : Thùy Trang, Anh Hào, Minh Hằng VPĐP: Tâm Đan, Minh Tuệ, Duy Luân, Thiện Nhân, Viết Thắng, Hoàng Hằng
B70: 11/9: Không cất bản tên lớp (15/9) Trễ: Diệu Thảo Ăn trong lớp: Trường Hải | M70: Giải thưởng "Ngày hội văn hóa"
B71: 11/10: VPĐP: Nhật Tân | M71: Nhất (+2,5): 11/4, 11/8
B72: 11/11: Trễ: Phương Uyên, Nhật Hoàng, Tuấn Kiệt, Thảo My | M72: Nhì (+2): 11/10, 11/2
B73: 11/13: Trễ: Hà Vy | M73: Ba (+1,5): 11/7, 11/11, 11/5, 11/13
B74: 11/14: Vắng KP: Đức Nguyên ( QP 12/9) Trễ: Phương Minh VPĐP: Thọ Sơn | M74: K/Khích (+1): 11/6, 11/9, 11/14
M75: Có tham gia (+0,5): 11/1, 11/3, 11/12
A79: TỔNG KẾT THI ĐUA - TUẦN 4 - KHỐI 11
A80: Từ ngày: 22/09/2025 đến ngày: 26/09/2025
A82: LỚP | B82: HỌC TẬP | E82: NỀN NẾP | O82: CÁC HOẠT ĐỘNG KHÁC | S82: ĐIỂM TỔNG KẾT | T82: VỊ THỨ
B83: Tổng điểm các môn học | C83: Tổng các tiết học | D83: ĐIỂM HỌC TẬP | E83: Vắng không phép | F83: Trễ | G83: Mất trật tự | H83: Chuồn học | I83: Tác phong | J83: Trực báo | K83: Sổ sách | L83: Chào cờ | M83: Các vi phạm khác | N83: ĐIỂM NỀN NẾP | O83: Trong trường | P83: Ngoài trường | Q83: Điểm thưởng | R83: ĐIỂM HOẠT ĐỘNG
A85: 11
A86: 11/1 | B86: =300-U86 -> 300 | C86: 30 | D86: =B86 -> 300 | F86: 0.5 | I86: 0.5 | M86: 1 | N86: =SUM(E86:M86) -> 2 | R86: =SUM(O86:Q86) -> 0 | S86: =D86-N86+R86 -> 298 | T86: =RANK(S86,$S$86:$S$99,0) -> 9 | U86: 0
A87: 11/2 | B87: =300-U87 -> 300 | C87: 30 | D87: =B87 -> 300 | F87: 0.5 | I87: 1 | N87: =SUM(E87:M87) -> 1.5 | R87: =SUM(O87:Q87) -> 0 | S87: =D87-N87+R87 -> 298.5 | T87: =RANK(S87,$S$86:$S$99,0) -> 6 | U87: 0
A88: 11/3 | B88: =300-U88 -> 299 | C88: 30 | D88: =B88 -> 299 | I88: 0.5 | M88: 0.5 | N88: =SUM(E88:M88) -> 1 | R88: =SUM(O88:Q88) -> 0 | S88: =D88-N88+R88 -> 298 | T88: =RANK(S88,$S$86:$S$99,0) -> 9 | U88: 1
A89: 11/4 | B89: =300-U89 -> 300 | C89: 30 | D89: =B89 -> 300 | I89: 0.5 | N89: =SUM(E89:M89) -> 0.5 | R89: =SUM(O89:Q89) -> 0 | S89: =D89-N89+R89 -> 299.5 | T89: =RANK(S89,$S$86:$S$99,0) -> 2 | U89: 0
A90: 11/5 | B90: =300-U90 -> 300 | C90: 30 | D90: =B90 -> 300 | N90: =SUM(E90:M90) -> 0 | Q90: 0.5 | R90: =SUM(O90:Q90) -> 0.5 | S90: =D90-N90+R90 -> 300.5 | T90: =RANK(S90,$S$86:$S$99,0) -> 1 | U90: 0
A91: 11/6 | B91: =300-U91 -> 300 | C91: 30 | D91: =B91 -> 300 | F91: 1 | I91: 0.5 | L91: 1 | M91: 0.5 | N91: =SUM(E91:M91) -> 3 | Q91: 0.5 | R91: =SUM(O91:Q91) -> 0.5 | S91: =D91-N91+R91 -> 297.5 | T91: =RANK(S91,$S$86:$S$99,0) -> 13 | U91: 0
A92: 11/7 | B92: =300-U92 -> 300 | C92: 30 | D92: =B92 -> 300 | F92: 0.5 | L92: 1 | N92: =SUM(E92:M92) -> 1.5 | R92: =SUM(O92:Q92) -> 0 | S92: =D92-N92+R92 -> 298.5 | T92: =RANK(S92,$S$86:$S$99,0) -> 6 | U92: 0
A93: 11/8 | B93: =300-U93 -> 300 | C93: 30 | D93: =B93 -> 300 | E93: 1.5 | F93: 0.5 | I93: 1 | N93: =SUM(E93:M93) -> 3 | Q93: 0.5 | R93: =SUM(O93:Q93) -> 0.5 | S93: =D93-N93+R93 -> 297.5 | T93: =RANK(S93,$S$86:$S$99,0) -> 13 | U93: 0
A94: 11/9 | B94: =300-U94 -> 299 | C94: 30 | D94: =B94 -> 299 | I94: 0.5 | L94: 1 | N94: =SUM(E94:M94) -> 1.5 | Q94: 0.5 | R94: =SUM(O94:Q94) -> 0.5 | S94: =D94-N94+R94 -> 298 | T94: =RANK(S94,$S$86:$S$99,0) -> 9 | U94: 1
A95: 11/10 | B95: =300-U95 -> 300 | C95: 30 | D95: =B95 -> 300 | I95: 1 | N95: =SUM(E95:M95) -> 1 | R95: =SUM(O95:Q95) -> 0 | S95: =D95-N95+R95 -> 299 | T95: =RANK(S95,$S$86:$S$99,0) -> 3 | U95: 0
A96: 11/11 | B96: =300-U96 -> 300 | C96: 30 | D96: =B96 -> 300 | I96: 1.5 | N96: =SUM(E96:M96) -> 1.5 | Q96: 0.5 | R96: =SUM(O96:Q96) -> 0.5 | S96: =D96-N96+R96 -> 299 | T96: =RANK(S96,$S$86:$S$99,0) -> 3 | U96: 0
A97: 11/12 | B97: =300-U97 -> 300 | C97: 30 | D97: =B97 -> 300 | L97: 1 | M97: 0.5 | N97: =SUM(E97:M97) -> 1.5 | R97: =SUM(O97:Q97) -> 0 | S97: =D97-N97+R97 -> 298.5 | T97: =RANK(S97,$S$86:$S$99,0) -> 6 | U97: 0
A98: 11/13 | B98: =300-U98 -> 300 | C98: 30 | D98: =B98 -> 300 | L98: 1 | N98: =SUM(E98:M98) -> 1 | R98: =SUM(O98:Q98) -> 0 | S98: =D98-N98+R98 -> 299 | T98: =RANK(S98,$S$86:$S$99,0) -> 3 | U98: 0
A99: 11/14 | B99: =300-U99 -> 300 | C99: 30 | D99: =B99 -> 300 | I99: 1 | L99: 0.5 | M99: 1 | N99: =SUM(E99:M99) -> 2.5 | Q99: 0.5 | R99: =SUM(O99:Q99) -> 0.5 | S99: =D99-N99+R99 -> 298 | T99: =RANK(S99,$S$86:$S$99,0) -> 9 | U99: 0
B101: Vi phạm | I101: Ổn định chậm giờ chào cờ: 11/6, 11/9, 11/12, 11/13
B102: 11/1: Trễ: Quý Minh VPĐP: Hồng Phúc; Lớp không tắt điện khi về (26/9) | I102: Mất trật tự giờ chào cờ: 11/14 | O102: Điểm thưởng các lớp tham gia hoạt động văn nghệ Đại hội Đoàn trường
B103: 11/2: Trễ: Bảo Yến VPĐP: Nhật Quang, Bảo Trân | I103: Không nhận xét thi đua: 11/3, 11/6, 11/14 | O103: (+0,5): 11/5, 11/6, 11/8, 11/9, 11/11, 11/14
B104: 11/3: VPĐP: Bảo Khanh | I104: Chấm thi đua không chính xác: 11/12
B105: 11/4: VPĐP: Hồng Quân
B106: 11/6: Ổn định chậm tiết chào cờ (22/9) Trễ: Phương Nhi, Ngọc Nhân VPĐP: Quốc Huy Đuổi tiết: Tấn Tài
B107: 11/7: Ổn định chậm tiết chào cờ Trễ: Minh Quốc
B108: 11/8: Vắng KP: Nhật Quang ( QP 19/9) Trễ: Phương Như VPĐP: Anh Hào, Thùy Trang
B109: 11/9: Ổn định chậm tiết chào cờ (22/9) VPĐP: Nhất Long
B110: 11/10: VPĐP: Quỳnh Châu, Nhật Tân
B111: 11/11: VPĐP: Thanh Bình, Minh Trí, Tường Vy
B112: 11/12: Ổn định chậm tiết chào cờ (22/9)
B113: 11/14: VPĐP: Anh Bảo, Bảo Hân Mang thức ăn hộp xốp vào trường: Kim Anh
A117: TỔNG KẾT THI ĐUA - TUẦN 5 - KHỐI 11
A118: Từ ngày: 29/09/2025 đến ngày: 03/10/2025
A120: LỚP | B120: HỌC TẬP | E120: NỀN NẾP | O120: CÁC HOẠT ĐỘNG KHÁC | S120: ĐIỂM TỔNG KẾT | T120: VỊ THỨ
...

Sheet Lớp 12
A1: TỔNG KẾT THI ĐUA - TUẦN 1 + 2 - KHỐI 12
A2: Từ ngày: 21/08/2025 đến ngày: 12/09/2025
A4: LỚP | B4: HỌC TẬP | E4: NỀN NẾP | O4: CÁC HOẠT ĐỘNG KHÁC | S4: ĐIỂM TỔNG KẾT | T4: VỊ THỨ
B5: Tổng điểm các môn học | C5: Tổng các tiết học | D5: ĐIỂM HỌC TẬP | E5: Vắng không phép | F5: Trễ | G5: Mất trật tự | H5: Chuồn học | I5: Tác phong | J5: Trực báo | K5: Sổ sách | L5: Chào cờ | M5: Các vi phạm khác | N5: ĐIỂM NỀN NẾP | O5: Trong trường | P5: Ngoài trường | Q5: Điểm thưởng | R5: ĐIỂM HOẠT ĐỘNG
A7: 12
A8: 12/1 | B8: =300-U8 -> 300 | C8: 30 | D8: =B8 -> 300 | F8: 1 | N8: =SUM(E8:M8) -> 1 | Q8: 3 | R8: =SUM(O8:Q8) -> 3 | S8: =D8-N8+R8 -> 302 | T8: =RANK(S8,$S$8:$S$21,0) -> 1 | U8: 0
A9: 12/2 | B9: =300-U9 -> 300 | C9: 30 | D9: =B9 -> 300 | E9: 3 | F9: 1 | I9: 3 | N9: =SUM(E9:M9) -> 7 | R9: =SUM(O9:Q9) -> 0 | S9: =D9-N9+R9 -> 293 | T9: =RANK(S9,$S$8:$S$21,0) -> 14 | U9: 0
A10: 12/3 | B10: =300-U10 -> 300 | C10: 30 | D10: =B10 -> 300 | F10: 0.5 | I10: 0.5 | N10: =SUM(E10:M10) -> 1 | R10: =SUM(O10:Q10) -> 0 | S10: =D10-N10+R10 -> 299 | T10: =RANK(S10,$S$8:$S$21,0) -> 4 | U10: 0
A11: 12/4 | B11: =300-U11 -> 300 | C11: 30 | D11: =B11 -> 300 | E11: 6 | F11: 0.5 | I11: 0.5 | N11: =SUM(E11:M11) -> 7 | Q11: 0.5 | R11: =SUM(O11:Q11) -> 0.5 | S11: =D11-N11+R11 -> 293.5 | T11: =RANK(S11,$S$8:$S$21,0) -> 13 | U11: 0
A12: 12/5 | B12: =300-U12 -> 300 | C12: 30 | D12: =B12 -> 300 | F12: 0.5 | N12: =SUM(E12:M12) -> 0.5 | Q12: 0.5 | R12: =SUM(O12:Q12) -> 0.5 | S12: =D12-N12+R12 -> 300 | T12: =RANK(S12,$S$8:$S$21,0) -> 2 | U12: 0
A13: 12/6 | B13: =300-U13 -> 300 | C13: 30 | D13: =B13 -> 300 | E13: 1.5 | N13: =SUM(E13:M13) -> 1.5 | R13: =SUM(O13:Q13) -> 0 | S13: =D13-N13+R13 -> 298.5 | T13: =RANK(S13,$S$8:$S$21,0) -> 8 | U13: 0
A14: 12/7 | B14: =300-U14 -> 300 | C14: 30 | D14: =B14 -> 300 | F14: 0.5 | I14: 0.5 | N14: =SUM(E14:M14) -> 1 | R14: =SUM(O14:Q14) -> 0 | S14: =D14-N14+R14 -> 299 | T14: =RANK(S14,$S$8:$S$21,0) -> 4 | U14: 0
A15: 12/8 | B15: =300-U15 -> 300 | C15: 30 | D15: =B15 -> 300 | E15: 4.5 | F15: 0.5 | N15: =SUM(E15:M15) -> 5 | Q15: 0.5 | R15: =SUM(O15:Q15) -> 0.5 | S15: =D15-N15+R15 -> 295.5 | T15: =RANK(S15,$S$8:$S$21,0) -> 11 | U15: 0
A16: 12/9 | B16: =300-U16 -> 300 | C16: 30 | D16: =B16 -> 300 | I16: 1.5 | N16: =SUM(E16:M16) -> 1.5 | Q16: 0.5 | R16: =SUM(O16:Q16) -> 0.5 | S16: =D16-N16+R16 -> 299 | T16: =RANK(S16,$S$8:$S$21,0) -> 4 | U16: 0
A17: 12/10 | B17: =300-U17 -> 300 | C17: 30 | D17: =B17 -> 300 | I17: 1 | N17: =SUM(E17:M17) -> 1 | R17: =SUM(O17:Q17) -> 0 | S17: =D17-N17+R17 -> 299 | T17: =RANK(S17,$S$8:$S$21,0) -> 4 | U17: 0
A18: 12/11 | B18: =300-U18 -> 300 | C18: 30 | D18: =B18 -> 300 | E18: 4.5 | N18: =SUM(E18:M18) -> 4.5 | R18: =SUM(O18:Q18) -> 0 | S18: =D18-N18+R18 -> 295.5 | T18: =RANK(S18,$S$8:$S$21,0) -> 11 | U18: 0
A19: 12/12 | B19: =300-U19 -> 300 | C19: 30 | D19: =B19 -> 300 | I19: 1 | N19: =SUM(E19:M19) -> 1 | Q19: 0.5 | R19: =SUM(O19:Q19) -> 0.5 | S19: =D19-N19+R19 -> 299.5 | T19: =RANK(S19,$S$8:$S$21,0) -> 3 | U19: 0
A20: 12/13 | B20: =300-U20 -> 300 | C20: 30 | D20: =B20 -> 300 | F20: 1 | I20: 2 | N20: =SUM(E20:M20) -> 3 | Q20: 0.5 | R20: =SUM(O20:Q20) -> 0.5 | S20: =D20-N20+R20 -> 297.5 | T20: =RANK(S20,$S$8:$S$21,0) -> 9 | U20: 0
A21: 12/14 | B21: =300-U21 -> 300 | C21: 30 | D21: =B21 -> 300 | E21: 3 | F21: 0.5 | N21: =SUM(E21:M21) -> 3.5 | Q21: 0.5 | R21: =SUM(O21:Q21) -> 0.5 | S21: =D21-N21+R21 -> 297 | T21: =RANK(S21,$S$8:$S$21,0) -> 10 | U21: 0
B23: Vi phạm: | L23: Điểm thưởng các lớp tham gia hoạt động văn nghệ Lễ khai giảng, Lễ chào cờ
B24: 12/1: Trễ: Bá Quân(08/9), Nguyên Quân (09/9) | L24: (+1): 12/1
B25: 12/2: Vắng KP: Lê Huy, Xuân Khải (29/8) VPTPĐP: Anh Nhật, Minh Quân,Tùng Nhân, Bảo Nhật, Minh Trí (28/8+ 10/9) Trễ: Duy Tài (29/8) Thanh Quang (11/9) | L25: (+0,5): 12/4, 12/5, 12/8, 12/9, 12/12, 12/13, 12/14
B26: 12/3: Trễ: Công Tiến(29/8) VPĐP: Quốc Đạt (12/9) | L26: Điểm thưởng lớp tổ chức ĐH Chi đoàn mẫu
B27: 12/4: Vắng KP: Quang Thiện (29/8), Thành Đạt, Thành Nhân, Thái Quý (29/8) VPTP: Minh Sơn (09/9) Trễ: Bảo Minh (11/9) | L27: (+2): 12/1
B28: 12/5: Trễ: Diễm Tú (29/8)
B29: 12/6: Vắng KP: Ngọc Trân (29/8)
B30: 12/7: Trễ: Nam Khánh (29/8) VPĐP: Thanh Trúc (29/8)
B31: 12/8: Đan Nhã (29/8), Đôn Nhật (29/8), Đăng Quân (29/8) Trễ: Bảo Ngọc (11/9)
B32: 12/9: VPĐPTP: Quang Vinh (28/8) , Đắc Quang (29/8) Gia Minh (10/9)
B33: 12/10: VPĐP: Chiêu Nguyên, Ngọc Thanh (28/8)
B34: 12/11: Vắng KP: Thùy Linh, Đại Sơn, Chơn Vinh (29/8)
B35: 12/12: VPTPĐP: Mỹ Huyền, Bảo Linh (28/8)
B36: 12/13: VPTP: Quỳnh Anh, Bảo Ngọc (29/8) Trễ + VPĐP: Bảo Ngọc (09/9) Trễ Hải Anh (09/9)
B37: 12/14: Vắng KP: Khánh Châu, Bảo Hân(29/8) Trễ: Nhật Liên
A41: TỔNG KẾT THI ĐUA - TUẦN 3 - KHỐI 12
A42: Từ ngày: 15/09/2025 đến ngày: 19/09/2025
A44: LỚP | B44: HỌC TẬP | E44: NỀN NẾP | O44: CÁC HOẠT ĐỘNG KHÁC | S44: ĐIỂM TỔNG KẾT | T44: VỊ THỨ
B45: Tổng điểm các môn học | C45: Tổng các tiết học | D45: ĐIỂM HỌC TẬP | E45: Vắng không phép | F45: Trễ | G45: Mất trật tự | H45: Chuồn học | I45: Tác phong | J45: Trực báo | K45: Sổ sách | L45: Chào cờ | M45: Các vi phạm khác | N45: ĐIỂM NỀN NẾP | O45: Trong trường | P45: Ngoài trường | Q45: Điểm thưởng | R45: ĐIỂM HOẠT ĐỘNG
A47: 12
A48: 12/1 | B48: =300-U48 -> 300 | C48: 30 | D48: =B48 -> 300 | E48: 1.5 | I48: 0.5 | N48: =SUM(E48:M48) -> 2 | Q48: 2 | R48: =SUM(O48:Q48) -> 2 | S48: =D48-N48+R48 -> 300 | T48: =RANK(S48,$S$48:$S$61,0) -> 11 | U48: 0
A49: 12/2 | B49: =300-U49 -> 300 | C49: 30 | D49: =B49 -> 300 | I49: 1.5 | N49: =SUM(E49:M49) -> 1.5 | Q49: 2.5 | R49: =SUM(O49:Q49) -> 2.5 | S49: =D49-N49+R49 -> 301 | T49: =RANK(S49,$S$48:$S$61,0) -> 8 | U49: 0
A50: 12/3 | B50: =300-U50 -> 300 | C50: 30 | D50: =B50 -> 300 | I50: 1.5 | N50: =SUM(E50:M50) -> 1.5 | Q50: 2 | R50: =SUM(O50:Q50) -> 2 | S50: =D50-N50+R50 -> 300.5 | T50: =RANK(S50,$S$48:$S$61,0) -> 9 | U50: 0
A51: 12/4 | B51: =300-U51 -> 300 | C51: 30 | D51: =B51 -> 300 | E51: 1.5 | I51: 0.5 | N51: =SUM(E51:M51) -> 2 | Q51: 2.5 | R51: =SUM(O51:Q51) -> 2.5 | S51: =D51-N51+R51 -> 300.5 | T51: =RANK(S51,$S$48:$S$61,0) -> 9 | U51: 0
A52: 12/5 | B52: =300-U52 -> 300 | C52: 30 | D52: =B52 -> 300 | I52: 1 | N52: =SUM(E52:M52) -> 1 | Q52: 3.5 | R52: =SUM(O52:Q52) -> 3.5 | S52: =D52-N52+R52 -> 302.5 | T52: =RANK(S52,$S$48:$S$61,0) -> 2 | U52: 0
A53: 12/6 | B53: =300-U53 -> 300 | C53: 30 | D53: =B53 -> 300 | F53: 0.5 | I53: 1.5 | N53: =SUM(E53:M53) -> 2 | Q53: 3.5 | R53: =SUM(O53:Q53) -> 3.5 | S53: =D53-N53+R53 -> 301.5 | T53: =RANK(S53,$S$48:$S$61,0) -> 7 | U53: 0
A54: 12/7 | B54: =300-U54 -> 299 | C54: 30 | D54: =B54 -> 299 | I54: 2 | N54: =SUM(E54:M54) -> 2 | Q54: 2.5 | R54: =SUM(O54:Q54) -> 2.5 | S54: =D54-N54+R54 -> 299.5 | T54: =RANK(S54,$S$48:$S$61,0) -> 14 | U54: 1
A55: 12/8 | B55: =300-U55 -> 300 | C55: 30 | D55: =B55 -> 300 | I55: 1 | M55: 1.5 | N55: =SUM(E55:M55) -> 2.5 | Q55: 2.5 | R55: =SUM(O55:Q55) -> 2.5 | S55: =D55-N55+R55 -> 300 | T55: =RANK(S55,$S$48:$S$61,0) -> 11 | U55: 0
A56: 12/9 | B56: =300-U56 -> 300 | C56: 30 | D56: =B56 -> 300 | M56: 1 | N56: =SUM(E56:M56) -> 1 | Q56: 3.5 | R56: =SUM(O56:Q56) -> 3.5 | S56: =D56-N56+R56 -> 302.5 | T56: =RANK(S56,$S$48:$S$61,0) -> 2 | U56: 0
A57: 12/10 | B57: =300-U57 -> 300 | C57: 30 | D57: =B57 -> 300 | N57: =SUM(E57:M57) -> 0 | Q57: 2 | R57: =SUM(O57:Q57) -> 2 | S57: =D57-N57+R57 -> 302 | T57: =RANK(S57,$S$48:$S$61,0) -> 6 | U57: 0
A58: 12/11 | B58: =300-U58 -> 299 | C58: 30 | D58: =B58 -> 299 | I58: 1 | N58: =SUM(E58:M58) -> 1 | Q58: 2 | R58: =SUM(O58:Q58) -> 2 | S58: =D58-N58+R58 -> 300 | T58: =RANK(S58,$S$48:$S$61,0) -> 11 | U58: 1
A59: 12/12 | B59: =300-U59 -> 300 | C59: 30 | D59: =B59 -> 300 | I59: 0.5 | N59: =SUM(E59:M59) -> 0.5 | Q59: 3.5 | R59: =SUM(O59:Q59) -> 3.5 | S59: =D59-N59+R59 -> 303 | T59: =RANK(S59,$S$48:$S$61,0) -> 1 | U59: 0
A60: 12/13 | B60: =300-U60 -> 300 | C60: 30 | D60: =B60 -> 300 | N60: =SUM(E60:M60) -> 0 | Q60: 2.5 | R60: =SUM(O60:Q60) -> 2.5 | S60: =D60-N60+R60 -> 302.5 | T60: =RANK(S60,$S$48:$S$61,0) -> 2 | U60: 0
A61: 12/14 | B61: =300-U61 -> 300 | C61: 30 | D61: =B61 -> 300 | I61: 0.5 | N61: =SUM(E61:M61) -> 0.5 | Q61: 3 | R61: =SUM(O61:Q61) -> 3 | S61: =D61-N61+R61 -> 302.5 | T61: =RANK(S61,$S$48:$S$61,0) -> 2 | U61: 0
B63: Vi phạm:
B64: 12/1: Vắng KP: Phước Đạt (16/9) VPĐP: Văn Duy (16/9) | M64: Điểm thưởng các lớp tham gia hoạt động văn nghệ Lễ kỷ niệm 61 năm ngày thành lập trường
B65: 12/2: VPĐP: Tiến Nhật (17/9), Anh Nhật, Trọng Phước (18/9) | M65: (+0,5): 12/8, 12/9, 12/12, 12/13, 12/14
B66: 12/3: VPĐP: Thiện Nhân, Công Tiến, Thảo Vân (16/9)
B67: 12/4: Vắng KP: Thành Đạt (12/9) VPĐP: Bảo Minh (18/9)
B68: 12/5: VPĐP: Mạnh Vỹ (16/9), Quang Đạt (17/9) | M68: Điểm thưởng các lớp tham gia bình chọn Video Đại sứ văn hóa đọc
B69: 12/6: VPĐP: Mạnh Hải, Khánh Quỳnh, Mỹ Uyên (16/9) Trễ: Ngọc Trân (17/9) | M69: (+1): từ 12/1 đến 12/14
B70: 12/7: VPĐP: Quang Dương, Ngân Hà, Bảo Trâm (16/9), Kiến Trung (17/9)
B71: 12/8: Vệ sinh phòng học bẩn (11/9) ; Không cất bản tên lớp (15/9); VPĐP: Đan Nhã (16/9), Đăng Quân (18/9) | M71: Giải thưởng "Ngày hội văn hóa"
B72: 12/9: Vệ sinh phòng học bẩn (11/9) | M72: Nhất (+2,5): 12/6, 12/5
B73: 12/11: VPĐP: Minh Anh, Chơn Vinh (18/9) | M73: Nhì (+2): 12/9, 12/12
B74: 12/12: VPĐP: Nhật Hoàng (18/9) | M74: Ba (+1,5): 12/2, 12/14, 12/4, 12/7
B75: 12/14: VPĐP: Thảo Nhi (18/9) | M75: K/Khích (+1): 12/3, 12/8, 12/10, 12/1, 12/11, 12/13
A79: TỔNG KẾT THI ĐUA - TUẦN 4 - KHỐI 12
A80: Từ ngày: 22/09/2025 đến ngày: 26/09/2025
A82: LỚP | B82: HỌC TẬP | E82: NỀN NẾP | O82: CÁC HOẠT ĐỘNG KHÁC | S82: ĐIỂM TỔNG KẾT | T82: VỊ THỨ
B83: Tổng điểm các môn học | C83: Tổng các tiết học | D83: ĐIỂM HỌC TẬP | E83: Vắng không phép | F83: Trễ | G83: Mất trật tự | H83: Chuồn học | I83: Tác phong | J83: Trực báo | K83: Sổ sách | L83: Chào cờ | M83: Các vi phạm khác | N83: ĐIỂM NỀN NẾP | O83: Trong trường | P83: Ngoài trường | Q83: Điểm thưởng | R83: ĐIỂM HOẠT ĐỘNG
A85: 12
A86: 12/1 | B86: =300-U86 -> 300 | C86: 30 | D86: =B86 -> 300 | N86: =SUM(E86:M86) -> 0 | R86: =SUM(O86:Q86) -> 0 | S86: =D86-N86+R86 -> 300 | T86: =RANK(S86,$S$86:$S$99,0) -> 3 | U86: 0
A87: 12/2 | B87: =300-U87 -> 300 | C87: 30 | D87: =B87 -> 300 | I87: 0.5 | N87: =SUM(E87:M87) -> 0.5 | R87: =SUM(O87:Q87) -> 0 | S87: =D87-N87+R87 -> 299.5 | T87: =RANK(S87,$S$86:$S$99,0) -> 5 | U87: 0
A88: 12/3 | B88: =300-U88 -> 299 | C88: 30 | D88: =B88 -> 299 | L88: 1 | N88: =SUM(E88:M88) -> 1 | R88: =SUM(O88:Q88) -> 0 | S88: =D88-N88+R88 -> 298 | T88: =RANK(S88,$S$86:$S$99,0) -> 13 | U88: 1
A89: 12/4 | B89: =300-U89 -> 300 | C89: 30 | D89: =B89 -> 300 | N89: =SUM(E89:M89) -> 0 | R89: =SUM(O89:Q89) -> 0 | S89: =D89-N89+R89 -> 300 | T89: =RANK(S89,$S$86:$S$99,0) -> 3 | U89: 0
A90: 12/5 | B90: =300-U90 -> 300 | C90: 30 | D90: =B90 -> 300 | M90: 1 | N90: =SUM(E90:M90) -> 1 | Q90: 0.5 | R90: =SUM(O90:Q90) -> 0.5 | S90: =D90-N90+R90 -> 299.5 | T90: =RANK(S90,$S$86:$S$99,0) -> 5 | U90: 0
A91: 12/6 | B91: =300-U91 -> 300 | C91: 30 | D91: =B91 -> 300 | I91: 0.5 | L91: 1 | N91: =SUM(E91:M91) -> 1.5 | R91: =SUM(O91:Q91) -> 0 | S91: =D91-N91+R91 -> 298.5 | T91: =RANK(S91,$S$86:$S$99,0) -> 9 | U91: 0
A92: 12/7 | B92: =300-U92 -> 300 | C92: 30 | D92: =B92 -> 300 | M92: 1.5 | N92: =SUM(E92:M92) -> 1.5 | R92: =SUM(O92:Q92) -> 0 | S92: =D92-N92+R92 -> 298.5 | T92: =RANK(S92,$S$86:$S$99,0) -> 9 | U92: 0
A93: 12/8 | B93: =300-U93 -> 300 | C93: 30 | D93: =B93 -> 300 | L93: 1 | M93: 0.5 | N93: =SUM(E93:M93) -> 1.5 | Q93: 0.5 | R93: =SUM(O93:Q93) -> 0.5 | S93: =D93-N93+R93 -> 299 | T93: =RANK(S93,$S$86:$S$99,0) -> 8 | U93: 0
A94: 12/9 | B94: =300-U94 -> 299 | C94: 30 | D94: =B94 -> 299 | N94: =SUM(E94:M94) -> 0 | Q94: 0.5 | R94: =SUM(O94:Q94) -> 0.5 | S94: =D94-N94+R94 -> 299.5 | T94: =RANK(S94,$S$86:$S$99,0) -> 5 | U94: 1
A95: 12/10 | B95: =300-U95 -> 300 | C95: 30 | D95: =B95 -> 300 | I95: 0.5 | K95: 1 | N95: =SUM(E95:M95) -> 1.5 | R95: =SUM(O95:Q95) -> 0 | S95: =D95-N95+R95 -> 298.5 | T95: =RANK(S95,$S$86:$S$99,0) -> 9 | U95: 0
A96: 12/11 | B96: =300-U96 -> 299 | C96: 30 | D96: =B96 -> 299 | E96: 1.5 | I96: 0.5 | M96: 0.5 | N96: =SUM(E96:M96) -> 2.5 | R96: =SUM(O96:Q96) -> 0 | S96: =D96-N96+R96 -> 296.5 | T96: =RANK(S96,$S$86:$S$99,0) -> 14 | U96: 1
A97: 12/12 | B97: =300-U97 -> 300 | C97: 30 | D97: =B97 -> 300 | N97: =SUM(E97:M97) -> 0 | Q97: 0.5 | R97: =SUM(O97:Q97) -> 0.5 | S97: =D97-N97+R97 -> 300.5 | T97: =RANK(S97,$S$86:$S$99,0) -> 1 | U97: 0
A98: 12/13 | B98: =300-U98 -> 300 | C98: 30 | D98: =B98 -> 300 | F98: 1 | I98: 1 | N98: =SUM(E98:M98) -> 2 | Q98: 0.5 | R98: =SUM(O98:Q98) -> 0.5 | S98: =D98-N98+R98 -> 298.5 | T98: =RANK(S98,$S$86:$S$99,0) -> 9 | U98: 0
A99: 12/14 | B99: =300-U99 -> 300 | C99: 30 | D99: =B99 -> 300 | N99: =SUM(E99:M99) -> 0 | Q99: 0.5 | R99: =SUM(O99:Q99) -> 0.5 | S99: =D99-N99+R99 -> 300.5 | T99: =RANK(S99,$S$86:$S$99,0) -> 1 | U99: 0
B101: Vi phạm: | G101: Ổn định chậm giờ chào cờ: 12/3, 12/8, 12/6 | N101: Điểm thưởng các lớp tham gia hoạt động văn nghệ Đại hội Đoàn trường
B102: 12/2: VPĐP: Anh Nhật (22/9) | G102: Không nhận xét thi đua: 12/7, 12/8 | N102: (+0,5): 12/5, 12/8, 12/9, 12/12, 12/13, 12/14
B103: 12/5: Đem hộp xốp vào trường+ Ăn trong lớp: Quang Dũng | G103: Không họp trực bào (-1): 12/7
B104: 12/6: VPĐP: Minh Quân (23/9)
B105: 12/10: VPĐP: Duy Cường (22/9) Không nộp sổ Đầu bài (chiều 25/9)
B106: 12/11: Vắng KP: Phương Nghi (23/9) Ăn trong lớp: N.N.Bảo Hân (23/9) Vi phạm đồng phục (22/9): Ngọc Châu
B107: 12/13: VPĐP+ Trễ: Hoàng Đạt (24/9) Trễ: Bảo Thịnh (24/9) Vi phạm đồng phục: Quốc Bảo
A111: TỔNG KẾT THI ĐUA - TUẦN 5 - KHỐI 12
A112: Từ ngày: 29/09/2025 đến ngày: 03/10/2025
A114: LỚP | B114: HỌC TẬP | E114: NỀN NẾP | O114: CÁC HOẠT ĐỘNG KHÁC | S114: ĐIỂM TỔNG KẾT | T114: VỊ THỨ
B115: Tổng điểm các môn học | C115: Tổng các tiết học | D115: ĐIỂM HỌC TẬP | E115: Vắng không phép | F115: Trễ | G115: Mất trật tự | H115: Chuồn học | I115: Tác phong | J115: Trực báo | K115: Sổ sách | L115: Chào cờ | M115: Các vi phạm khác | N115: ĐIỂM NỀN NẾP | O115: Trong trường | P115: Ngoài trường | Q115: Điểm thưởng | R115: ĐIỂM HOẠT ĐỘNG
A117: 12
A118: 12/1 | B118: =300-U118 -> 300 | C118: 30 | D118: =B118 -> 300 | N118: =SUM(E118:M118) -> 0 | Q118: 2 | R118: =SUM(O118:Q118) -> 2 | S118: =D118-N118+R118 -> 302 | T118: =RANK(S118,$S$118:$S$131,0) -> 1 | U118: 0
A119: 12/2 | B119: =300-U119 -> 299 | C119: 30 | D119: =B119 -> 299 | F119: 0.5 | I119: 1 | M119: 1 | N119: =SUM(E119:M119) -> 2.5 | Q119: 2 | R119: =SUM(O119:Q119) -> 2 | S119: =D119-N119+R119 -> 298.5 | T119: =RANK(S119,$S$118:$S$131,0) -> 10 | U119: 1
A120: 12/3 | B120: =300-U120 -> 300 | C120: 30 | D120: =B120 -> 300 | E120: 1.5 | F120: 0.5 | I120: 0.5 | N120: =SUM(E120:M120) -> 2.5 | Q120: 2 | R120: =SUM(O120:Q120) -> 2 | S120: =D120-N120+R120 -> 299.5 | T120: =RANK(S120,$S$118:$S$131,0) -> 7 | U120: 0
...

Sheet Phong trào 1
A1: TRƯỜNG THPT NGUYỄN HUỆ
A2: ĐOÀN TRƯỜNG THPT NGUYỄN HUỆ
A4: PHONG TRÀO SỐ 1 - KHỐI 10 TỪ NGÀY 6/9/2025 ĐẾN NGÀY 24/10/2025
A7: Khối 10 | B7: Tuần 1+2 | C7: Tuần 3 | D7: Tuần 4 | E7: Tuần 5 | F7: Tuần 6 | G7: Tuần 7 | H7: Tuần 8 | I7: Trung bình | J7: Vị thứ
A8: 45667 | B8: ='Lớp 10'!S8 -> 299.5 | C8: ='Lớp 10'!S40 -> 301.5 | D8: ='Lớp 10'!S74 -> 297.5 | E8: ='Lớp 10'!S106 -> 297 | F8: ='Lớp 10'!S140 -> 301 | G8: ='Lớp 10'!S167 -> 297 | H8: ='Lớp 10'!S200 -> 300 | I8: =ROUND(AVERAGE(B8:H8),2) -> 299.07 | J8: =RANK(I8,$I$8:$I$19,0) -> 7
A9: 45698 | B9: ='Lớp 10'!S9 -> 299 | C9: ='Lớp 10'!S41 -> 302 | D9: ='Lớp 10'!S75 -> 300 | E9: ='Lớp 10'!S107 -> 301 | F9: ='Lớp 10'!S141 -> 301 | G9: ='Lớp 10'!S168 -> 298.5 | H9: ='Lớp 10'!S201 -> 299 | I9: =ROUND(AVERAGE(B9:H9),2) -> 300.07 | J9: =RANK(I9,$I$8:$I$19,0) -> 1
A10: 45726 | B10: ='Lớp 10'!S10 -> 299.5 | C10: ='Lớp 10'!S42 -> 300.5 | D10: ='Lớp 10'!S76 -> 298 | E10: ='Lớp 10'!S108 -> 296 | F10: ='Lớp 10'!S142 -> 299 | G10: ='Lớp 10'!S169 -> 297 | H10: ='Lớp 10'!S202 -> 300 | I10: =ROUND(AVERAGE(B10:H10),2) -> 298.57 | J10: =RANK(I10,$I$8:$I$19,0) -> 12
A11: 45757 | B11: ='Lớp 10'!S11 -> 297.5 | C11: ='Lớp 10'!S43 -> 301.5 | D11: ='Lớp 10'!S77 -> 299.5 | E11: ='Lớp 10'!S109 -> 299.5 | F11: ='Lớp 10'!S143 -> 299.5 | G11: ='Lớp 10'!S170 -> 298.5 | H11: ='Lớp 10'!S203 -> 299.5 | I11: =ROUND(AVERAGE(B11:H11),2) -> 299.36 | J11: =RANK(I11,$I$8:$I$19,0) -> 6
A12: 45787 | B12: ='Lớp 10'!S12 -> 300 | C12: ='Lớp 10'!S44 -> 300.5 | D12: ='Lớp 10'!S78 -> 297.5 | E12: ='Lớp 10'!S110 -> 296.5 | F12: ='Lớp 10'!S144 -> 299.5 | G12: ='Lớp 10'!S171 -> 299.5 | H12: ='Lớp 10'!S204 -> 299 | I12: =ROUND(AVERAGE(B12:H12),2) -> 298.93 | J12: =RANK(I12,$I$8:$I$19,0) -> 9
A13: 45818 | B13: ='Lớp 10'!S13 -> 299.5 | C13: ='Lớp 10'!S45 -> 298 | D13: ='Lớp 10'!S79 -> 299.5 | E13: ='Lớp 10'!S111 -> 299 | F13: ='Lớp 10'!S145 -> 300.5 | G13: ='Lớp 10'!S172 -> 298 | H13: ='Lớp 10'!S205 -> 297 | I13: =ROUND(AVERAGE(B13:H13),2) -> 298.79 | J13: =RANK(I13,$I$8:$I$19,0) -> 11
A14: 45848 | B14: ='Lớp 10'!S14 -> 300 | C14: ='Lớp 10'!S46 -> 301 | D14: ='Lớp 10'!S80 -> 299 | E14: ='Lớp 10'!S112 -> 301 | F14: ='Lớp 10'!S146 -> 299 | G14: ='Lớp 10'!S173 -> 299.5 | H14: ='Lớp 10'!S206 -> 300 | I14: =ROUND(AVERAGE(B14:H14),2) -> 299.93 | J14: =RANK(I14,$I$8:$I$19,0) -> 3
A15: 45879 | B15: ='Lớp 10'!S15 -> 300 | C15: ='Lớp 10'!S47 -> 302.5 | D15: ='Lớp 10'!S81 -> 299.5 | E15: ='Lớp 10'!S113 -> 296 | F15: ='Lớp 10'!S147 -> 301 | G15: ='Lớp 10'!S174 -> 300 | H15: ='Lớp 10'!S207 -> 300 | I15: =ROUND(AVERAGE(B15:H15),2) -> 299.86 | J15: =RANK(I15,$I$8:$I$19,0) -> 4
A16: 45910 | B16: ='Lớp 10'!S16 -> 300 | C16: ='Lớp 10'!S48 -> 298.5 | D16: ='Lớp 10'!S82 -> 296 | E16: ='Lớp 10'!S114 -> 300 | F16: ='Lớp 10'!S148 -> 300.5 | G16: ='Lớp 10'!S175 -> 298 | H16: ='Lớp 10'!S208 -> 300 | I16: =ROUND(AVERAGE(B16:H16),2) -> 299 | J16: =RANK(I16,$I$8:$I$19,0) -> 8
A17: 45940 | B17: ='Lớp 10'!S17 -> 299.5 | C17: ='Lớp 10'!S49 -> 302 | D17: ='Lớp 10'!S83 -> 299.5 | E17: ='Lớp 10'!S115 -> 302.5 | F17: ='Lớp 10'!S149 -> 298.5 | G17: ='Lớp 10'!S176 -> 299 | H17: ='Lớp 10'!S209 -> 299 | I17: =ROUND(AVERAGE(B17:H17),2) -> 300 | J17: =RANK(I17,$I$8:$I$19,0) -> 2
A18: 45971 | B18: ='Lớp 10'!S18 -> 299 | C18: ='Lớp 10'!S50 -> 298 | D18: ='Lớp 10'!S84 -> 297.5 | E18: ='Lớp 10'!S116 -> 299 | F18: ='Lớp 10'!S150 -> 300 | G18: ='Lớp 10'!S177 -> 299.5 | H18: ='Lớp 10'!S210 -> 299.5 | I18: =ROUND(AVERAGE(B18:H18),2) -> 298.93 | J18: =RANK(I18,$I$8:$I$19,0) -> 9
A19: 46001 | B19: ='Lớp 10'!S19 -> 300.5 | C19: ='Lớp 10'!S51 -> 300 | D19: ='Lớp 10'!S85 -> 298.5 | E19: ='Lớp 10'!S117 -> 298.5 | F19: ='Lớp 10'!S151 -> 301 | G19: ='Lớp 10'!S178 -> 299.5 | H19: ='Lớp 10'!S211 -> 300 | I19: =ROUND(AVERAGE(B19:H19),2) -> 299.71 | J19: =RANK(I19,$I$8:$I$19,0) -> 5
E21: TP. Huế, ngày 10 tháng 11 năm 2025
A22: XÁC NHẬN CỦA BGH | E22: T/M BCH ĐOÀN TRƯỜNG
A23: Hiệu trưởng | E23: Bí thư
A27: Đặng Đức Tuệ | E27: Dương Phước Dũng
A30: TRƯỜNG THPT NGUYỄN HUỆ
A31: ĐOÀN TRƯỜNG THPT NGUYỄN HUỆ
A33: PHONG TRÀO SỐ 1 - KHỐI 11 TỪ NGÀY 6/9/2025 ĐẾN NGÀY 24/10/2025
A36: Khối 11 | B36: Tuần 1+2 | C36: Tuần 3 | D36: Tuần 4 | E36: Tuần 5 | F36: Tuần 6 | G36: Tuần 7 | H36: Tuần 8 | I36: Trung bình | J36: Vị thứ
A37: 45668 | B37: ='Lớp 11'!S8 -> 300.5 | C37: ='Lớp 11'!S48 -> 300.5 | D37: ='Lớp 11'!S86 -> 298 | E37: ='Lớp 11'!S124 -> 302 | F37: ='Lớp 11'!S161 -> 301 | G37: ='Lớp 11'!S197 -> 300.5 | H37: ='Lớp 11'!S233 -> 301.5 | I37: =ROUND(AVERAGE(B37:H37),2) -> 300.57 | J37: =RANK(I37,$I$37:$I$50,0) -> 7
A38: 45699 | B38: ='Lớp 11'!S9 -> 300 | C38: ='Lớp 11'!S49 -> 302.5 | D38: ='Lớp 11'!S87 -> 298.5 | E38: ='Lớp 11'!S125 -> 300 | F38: ='Lớp 11'!S162 -> 298.5 | G38: ='Lớp 11'!S198 -> 301 | H38: ='Lớp 11'!S234 -> 300 | I38: =ROUND(AVERAGE(B38:H38),2) -> 300.07 | J38: =RANK(I38,$I$37:$I$50,0) -> 10
A39: 45727 | B39: ='Lớp 11'!S10 -> 299 | C39: ='Lớp 11'!S50 -> 302.5 | D39: ='Lớp 11'!S88 -> 298 | E39: ='Lớp 11'!S126 -> 307 | F39: ='Lớp 11'!S163 -> 298.5 | G39: ='Lớp 11'!S199 -> 302 | H39: ='Lớp 11'!S235 -> 299.5 | I39: =ROUND(AVERAGE(B39:H39),2) -> 300.93 | J39: =RANK(I39,$I$37:$I$50,0) -> 2
A40: 45758 | B40: ='Lớp 11'!S11 -> 300 | C40: ='Lớp 11'!S51 -> 304 | D40: ='Lớp 11'!S89 -> 299.5 | E40: ='Lớp 11'!S127 -> 301.5 | F40: ='Lớp 11'!S164 -> 298 | G40: ='Lớp 11'!S200 -> 303 | H40: ='Lớp 11'!S236 -> 300.5 | I40: =ROUND(AVERAGE(B40:H40),2) -> 300.93 | J40: =RANK(I40,$I$37:$I$50,0) -> 2
A41: 45788 | B41: ='Lớp 11'!S12 -> 300 | C41: ='Lớp 11'!S52 -> 302.5 | D41: ='Lớp 11'!S90 -> 300.5 | E41: ='Lớp 11'!S128 -> 301 | F41: ='Lớp 11'!S165 -> 301 | G41: ='Lớp 11'!S201 -> 300.5 | H41: ='Lớp 11'!S237 -> 301 | I41: =ROUND(AVERAGE(B41:H41),2) -> 300.93 | J41: =RANK(I41,$I$37:$I$50,0) -> 2
A42: 45819 | B42: ='Lớp 11'!S13 -> 295 | C42: ='Lớp 11'!S53 -> 294.5 | D42: ='Lớp 11'!S91 -> 297.5 | E42: ='Lớp 11'!S129 -> 297 | F42: ='Lớp 11'!S166 -> 289.5 | G42: ='Lớp 11'!S202 -> 299.5 | H42: ='Lớp 11'!S238 -> 298.5 | I42: =ROUND(AVERAGE(B42:H42),2) -> 295.93 | J42: =RANK(I42,$I$37:$I$50,0) -> 14
A43: 45849 | B43: ='Lớp 11'!S14 -> 300 | C43: ='Lớp 11'!S54 -> 301.5 | D43: ='Lớp 11'!S92 -> 298.5 | E43: ='Lớp 11'!S130 -> 300.5 | F43: ='Lớp 11'!S167 -> 299.5 | G43: ='Lớp 11'!S203 -> 300.5 | H43: ='Lớp 11'!S239 -> 302.5 | I43: =ROUND(AVERAGE(B43:H43),2) -> 300.43 | J43: =RANK(I43,$I$37:$I$50,0) -> 8
A44: 45880 | B44: ='Lớp 11'!S15 -> 298.5 | C44: ='Lớp 11'!S55 -> 300.5 | D44: ='Lớp 11'!S93 -> 297.5 | E44: ='Lớp 11'!S131 -> 299.5 | F44: ='Lớp 11'!S168 -> 300.5 | G44: ='Lớp 11'!S204 -> 299 | H44: ='Lớp 11'!S240 -> 299.5 | I44: =ROUND(AVERAGE(B44:H44),2) -> 299.29 | J44: =RANK(I44,$I$37:$I$50,0) -> 12
A45: 45911 | B45: ='Lớp 11'!S16 -> 299.5 | C45: ='Lớp 11'!S56 -> 301 | D45: ='Lớp 11'!S94 -> 298 | E45: ='Lớp 11'!S132 -> 300.5 | F45: ='Lớp 11'!S169 -> 297.5 | G45: ='Lớp 11'!S205 -> 300.5 | H45: ='Lớp 11'!S241 -> 300 | I45: =ROUND(AVERAGE(B45:H45),2) -> 299.57 | J45: =RANK(I45,$I$37:$I$50,0) -> 11
A46: 45941 | B46: ='Lớp 11'!S17 -> 299.5 | C46: ='Lớp 11'!S57 -> 302.5 | D46: ='Lớp 11'!S95 -> 299 | E46: ='Lớp 11'!S133 -> 302 | F46: ='Lớp 11'!S170 -> 300 | G46: ='Lớp 11'!S206 -> 301 | H46: ='Lớp 11'!S242 -> 303.5 | I46: =ROUND(AVERAGE(B46:H46),2) -> 301.07 | J46: =RANK(I46,$I$37:$I$50,0) -> 1
A47: 45972 | B47: ='Lớp 11'!S18 -> 300 | C47: ='Lớp 11'!S58 -> 301 | D47: ='Lớp 11'!S96 -> 299 | E47: ='Lớp 11'!S134 -> 300.5 | F47: ='Lớp 11'!S171 -> 301 | G47: ='Lớp 11'!S207 -> 301.5 | H47: ='Lớp 11'!S243 -> 301.5 | I47: =ROUND(AVERAGE(B47:H47),2) -> 300.64 | J47: =RANK(I47,$I$37:$I$50,0) -> 5
A48: 46002 | B48: ='Lớp 11'!S19 -> 297.5 | C48: ='Lớp 11'!S59 -> 302 | D48: ='Lớp 11'!S97 -> 298.5 | E48: ='Lớp 11'!S135 -> 301 | F48: ='Lớp 11'!S172 -> 301 | G48: ='Lớp 11'!S208 -> 301 | H48: ='Lớp 11'!S244 -> 301.5 | I48: =ROUND(AVERAGE(B48:H48),2) -> 300.36 | J48: =RANK(I48,$I$37:$I$50,0) -> 9
A49: 11/13 | B49: ='Lớp 11'!S20 -> 299.5 | C49: ='Lớp 11'!S60 -> 302 | D49: ='Lớp 11'!S98 -> 299 | E49: ='Lớp 11'!S136 -> 301.5 | F49: ='Lớp 11'!S173 -> 301 | G49: ='Lớp 11'!S209 -> 300.5 | H49: ='Lớp 11'!S245 -> 301 | I49: =ROUND(AVERAGE(B49:H49),2) -> 300.64 | J49: =RANK(I49,$I$37:$I$50,0) -> 5
A50: 11/14 | B50: ='Lớp 11'!S21 -> 297.5 | C50: ='Lớp 11'!S61 -> 300 | D50: ='Lớp 11'!S99 -> 298 | E50: ='Lớp 11'!S137 -> 298.5 | F50: ='Lớp 11'!S174 -> 299 | G50: ='Lớp 11'!S210 -> 300.5 | H50: ='Lớp 11'!S246 -> 300.5 | I50: =ROUND(AVERAGE(B50:H50),2) -> 299.14 | J50: =RANK(I50,$I$37:$I$50,0) -> 13
E52: TP. Huế, ngày 10 tháng 11 năm 2025
A53: XÁC NHẬN CỦA BGH | E53: T/M BCH ĐOÀN TRƯỜNG
A54: Hiệu trưởng | E54: Bí thư
A58: Đặng Đức Tuệ | E58: Dương Phước Dũng
A61: TRƯỜNG THPT NGUYỄN HUỆ
A62: ĐOÀN TRƯỜNG THPT NGUYỄN HUỆ
A64: PHONG TRÀO SỐ 1 - KHỐI 12 TỪ NGÀY 6/9/2025 ĐẾN NGÀY 24/10/2025
A66: Khối 12 | B66: Tuần 1+2 | C66: Tuần 3 | D66: Tuần 4 | E66: Tuần 5 | F66: Tuần 6 | G66: Tuần 7 | H66: Tuần 8 | I66: Trung bình | J66: Vị thứ
A67: 45669 | B67: ='Lớp 12'!S8 -> 302 | C67: ='Lớp 12'!S48 -> 300 | D67: ='Lớp 12'!S86 -> 300 | E67: ='Lớp 12'!S118 -> 302 | F67: ='Lớp 12'!S156 -> 301 | G67: ='Lớp 12'!S191 -> 300 | H67: ='Lớp 12'!S223 -> 302 | I67: =round(average(B67:H67),2) -> 301 | J67: =rank(I67,$I$67:$I$80,0) -> 1
A68: 45700 | B68: ='Lớp 12'!S9 -> 293 | C68: ='Lớp 12'!S49 -> 301 | D68: ='Lớp 12'!S87 -> 299.5 | E68: ='Lớp 12'!S119 -> 298.5 | F68: ='Lớp 12'!S157 -> 297.5 | G68: ='Lớp 12'!S192 -> 298.5 | H68: ='Lớp 12'!S224 -> 302.5 | I68: =round(average(B68:H68),2) -> 298.64 | J68: =rank(I68,$I$67:$I$80,0) -> 12
A69: 45728 | B69: ='Lớp 12'!S10 -> 299 | C69: ='Lớp 12'!S50 -> 300.5 | D69: ='Lớp 12'!S88 -> 298 | E69: ='Lớp 12'!S120 -> 299.5 | F69: ='Lớp 12'!S158 -> 300 | G69: ='Lớp 12'!S193 -> 299.5 | H69: ='Lớp 12'!S225 -> 301.5 | I69: =round(average(B69:H69),2) -> 299.71 | J69: =rank(I69,$I$67:$I$80,0) -> 8
A70: 45759 | B70: ='Lớp 12'!S11 -> 293.5 | C70: ='Lớp 12'!S51 -> 300.5 | D70: ='Lớp 12'!S89 -> 300 | E70: ='Lớp 12'!S121 -> 301.5 | F70: ='Lớp 12'!S159 -> 301 | G70: ='Lớp 12'!S194 -> 299 | H70: ='Lớp 12'!S226 -> 300.5 | I70: =round(average(B70:H70),2) -> 299.43 | J70: =rank(I70,$I$67:$I$80,0) -> 10
A71: 45789 | B71: ='Lớp 12'!S12 -> 300 | C71: ='Lớp 12'!S52 -> 302.5 | D71: ='Lớp 12'!S90 -> 299.5 | E71: ='Lớp 12'!S122 -> 300 | F71: ='Lớp 12'!S160 -> 299 | G71: ='Lớp 12'!S195 -> 300.5 | H71: ='Lớp 12'!S227 -> 301.5 | I71: =round(average(B71:H71),2) -> 300.43 | J71: =rank(I71,$I$67:$I$80,0) -> 4
A72: 45820 | B72: ='Lớp 12'!S13 -> 298.5 | C72: ='Lớp 12'!S53 -> 301.5 | D72: ='Lớp 12'!S91 -> 298.5 | E72: ='Lớp 12'!S123 -> 297.5 | F72: ='Lớp 12'!S161 -> 300 | G72: ='Lớp 12'!S196 -> 300 | H72: ='Lớp 12'!S228 -> 301.5 | I72: =round(average(B72:H72),2) -> 299.64 | J72: =rank(I72,$I$67:$I$80,0) -> 9
A73: 45850 | B73: ='Lớp 12'!S14 -> 299 | C73: ='Lớp 12'!S54 -> 299.5 | D73: ='Lớp 12'!S92 -> 298.5 | E73: ='Lớp 12'!S124 -> 295 | F73: ='Lớp 12'!S162 -> 300 | G73: ='Lớp 12'!S197 -> 300 | H73: ='Lớp 12'!S229 -> 301 | I73: =round(average(B73:H73),2) -> 299 | J73: =rank(I73,$I$67:$I$80,0) -> 11
A74: 45881 | B74: ='Lớp 12'!S15 -> 295.5 | C74: ='Lớp 12'!S55 -> 300 | D74: ='Lớp 12'!S93 -> 299 | E74: ='Lớp 12'!S125 -> 293 | F74: ='Lớp 12'!S163 -> 300 | G74: ='Lớp 12'!S198 -> 300 | H74: ='Lớp 12'!S230 -> 300.5 | I74: =round(average(B74:H74),2) -> 298.29 | J74: =rank(I74,$I$67:$I$80,0) -> 14
A75: 45912 | B75: ='Lớp 12'!S16 -> 299 | C75: ='Lớp 12'!S56 -> 302.5 | D75: ='Lớp 12'!S94 -> 299.5 | E75: ='Lớp 12'!S126 -> 299.5 | F75: ='Lớp 12'!S164 -> 299 | G75: ='Lớp 12'!S199 -> 300.5 | H75: ='Lớp 12'!S231 -> 302 | I75: =round(average(B75:H75),2) -> 300.29 | J75: =rank(I75,$I$67:$I$80,0) -> 6
A76: 45942 | B76: ='Lớp 12'!S17 -> 299 | C76: ='Lớp 12'!S57 -> 302 | D76: ='Lớp 12'!S95 -> 298.5 | E76: ='Lớp 12'!S127 -> 300.5 | F76: ='Lớp 12'!S165 -> 300 | G76: ='Lớp 12'!S200 -> 300 | H76: ='Lớp 12'!S232 -> 299.5 | I76: =round(average(B76:H76),2) -> 299.93 | J76: =rank(I76,$I$67:$I$80,0) -> 7
A77: 45973 | B77: ='Lớp 12'!S18 -> 295.5 | C77: ='Lớp 12'!S58 -> 300 | D77: ='Lớp 12'!S96 -> 296.5 | E77: ='Lớp 12'!S128 -> 297.5 | F77: ='Lớp 12'!S166 -> 301 | G77: ='Lớp 12'!S201 -> 300 | H77: ='Lớp 12'!S233 -> 299 | I77: =round(average(B77:H77),2) -> 298.5 | J77: =rank(I77,$I$67:$I$80,0) -> 13
A78: 46003 | B78: ='Lớp 12'!S19 -> 299.5 | C78: ='Lớp 12'!S59 -> 303 | D78: ='Lớp 12'!S97 -> 300.5 | E78: ='Lớp 12'!S129 -> 299 | F78: ='Lớp 12'!S167 -> 301 | G78: ='Lớp 12'!S202 -> 298.5 | H78: ='Lớp 12'!S234 -> 302.5 | I78: =round(average(B78:H78),2) -> 300.57 | J78: =rank(I78,$I$67:$I$80,0) -> 3
A79: 12/13 | B79: ='Lớp 12'!S20 -> 297.5 | C79: ='Lớp 12'!S60 -> 302.5 | D79: ='Lớp 12'!S98 -> 298.5 | E79: ='Lớp 12'!S130 -> 301 | F79: ='Lớp 12'!S168 -> 300.5 | G79: ='Lớp 12'!S203 -> 300.5 | H79: ='Lớp 12'!S235 -> 302 | I79: =round(average(B79:H79),2) -> 300.36 | J79: =rank(I79,$I$67:$I$80,0) -> 5
A80: 12/14 | B80: ='Lớp 12'!S21 -> 297 | C80: ='Lớp 12'!S61 -> 302.5 | D80: ='Lớp 12'!S99 -> 300.5 | E80: ='Lớp 12'!S131 -> 301.5 | F80: ='Lớp 12'!S169 -> 301 | G80: ='Lớp 12'!S204 -> 300 | H80: ='Lớp 12'!S236 -> 302.5 | I80: =round(average(B80:H80),2) -> 300.71 | J80: =rank(I80,$I$67:$I$80,0) -> 2
E82: TP. Huế, ngày 10 tháng 11 năm 2025
A83: XÁC NHẬN CỦA BGH | E83: T/M BCH ĐOÀN TRƯỜNG
A84: Hiệu trưởng | E84: Bí thư
A88: Đặng Đức Tuệ | E88: Dương Phước Dũng

Sheet Phong trào 2
A1: TRƯỜNG THPT NGUYỄN HUỆ
A2: ĐOÀN TRƯỜNG THPT NGUYỄN HUỆ
A4: PHONG TRÀO SỐ 2 - KHỐI 10 TỪ NGÀY 27/10/2025 ĐẾN NGÀY 09/01/2026
A7: Khối 10 | B7: Tuần 9+10+11 | C7: Tuần 12+13 | D7: Tuần 14 | E7: Tuần 15 | F7: Tuần 16 | G7: Tuần 17 | H7: Tuần 18+19 | I7: Trung bình | J7: Vị thứ
A8: 45667 | B8: ='Lớp 10'!S231 -> 296 | C8: ='Lớp 10'!S265 -> 297 | D8: ='Lớp 10'!S297 -> 298.5 | E8: ='Lớp 10'!S330 -> 301.5 | F8: ='Lớp 10'!S367 -> 298.5 | G8: ='Lớp 10'!S400 -> 299.5 | H8: ='Lớp 10'!S432 -> 299 | I8: =ROUND(AVERAGE(B8:H8),2) -> 298.57 | J8: =RANK(I8,$I$8:$I$19,0) -> 8
A9: 45698 | B9: ='Lớp 10'!S232 -> 299 | C9: ='Lớp 10'!S266 -> 297.5 | D9: ='Lớp 10'!S298 -> 299.5 | E9: ='Lớp 10'!S331 -> 303 | F9: ='Lớp 10'!S368 -> 300.5 | G9: ='Lớp 10'!S401 -> 300.5 | H9: ='Lớp 10'!S433 -> 299 | I9: =ROUND(AVERAGE(B9:H9),2) -> 299.86 | J9: =RANK(I9,$I$8:$I$19,0) -> 4
A10: 45726 | B10: ='Lớp 10'!S233 -> 299 | C10: ='Lớp 10'!S267 -> 294.5 | D10: ='Lớp 10'!S299 -> 300 | E10: ='Lớp 10'!S332 -> 302.5 | F10: ='Lớp 10'!S369 -> 301 | G10: ='Lớp 10'!S402 -> 300 | H10: ='Lớp 10'!S434 -> 299.5 | I10: =ROUND(AVERAGE(B10:H10),2) -> 299.5 | J10: =RANK(I10,$I$8:$I$19,0) -> 5
A11: 45757 | B11: ='Lớp 10'!S234 -> 299.5 | C11: ='Lớp 10'!S268 -> 300 | D11: ='Lớp 10'!S300 -> 297.5 | E11: ='Lớp 10'!S333 -> 299.5 | F11: ='Lớp 10'!S370 -> 299 | G11: ='Lớp 10'!S403 -> 300.5 | H11: ='Lớp 10'!S435 -> 299.5 | I11: =ROUND(AVERAGE(B11:H11),2) -> 299.36 | J11: =RANK(I11,$I$8:$I$19,0) -> 6
A12: 45787 | B12: ='Lớp 10'!S235 -> 298 | C12: ='Lớp 10'!S269 -> 298.5 | D12: ='Lớp 10'!S301 -> 298.5 | E12: ='Lớp 10'!S334 -> 299.5 | F12: ='Lớp 10'!S371 -> 295 | G12: ='Lớp 10'!S404 -> 298.5 | H12: ='Lớp 10'!S436 -> 298.5 | I12: =ROUND(AVERAGE(B12:H12),2) -> 298.07 | J12: =RANK(I12,$I$8:$I$19,0) -> 11
A13: 45818 | B13: ='Lớp 10'!S236 -> 296 | C13: ='Lớp 10'!S270 -> 297 | D13: ='Lớp 10'!S302 -> 302 | E13: ='Lớp 10'!S335 -> 300.5 | F13: ='Lớp 10'!S372 -> 300 | G13: ='Lớp 10'!S405 -> 296 | H13: ='Lớp 10'!S437 -> 298.5 | I13: =ROUND(AVERAGE(B13:H13),2) -> 298.57 | J13: =RANK(I13,$I$8:$I$19,0) -> 8
A14: 45848 | B14: ='Lớp 10'!S237 -> 300 | C14: ='Lớp 10'!S271 -> 300 | D14: ='Lớp 10'!S303 -> 300 | E14: ='Lớp 10'!S336 -> 301.5 | F14: ='Lớp 10'!S373 -> 300 | G14: ='Lớp 10'!S406 -> 300 | H14: ='Lớp 10'!S438 -> 300.5 | I14: =ROUND(AVERAGE(B14:H14),2) -> 300.29 | J14: =RANK(I14,$I$8:$I$19,0) -> 3
A15: 45879 | B15: ='Lớp 10'!S238 -> 297.5 | C15: ='Lớp 10'!S272 -> 300 | D15: ='Lớp 10'!S304 -> 302 | E15: ='Lớp 10'!S337 -> 304 | F15: ='Lớp 10'!S374 -> 299.5 | G15: ='Lớp 10'!S407 -> 301 | H15: ='Lớp 10'!S439 -> 303 | I15: =ROUND(AVERAGE(B15:H15),2) -> 301 | J15: =RANK(I15,$I$8:$I$19,0) -> 1
A16: 45910 | B16: ='Lớp 10'!S239 -> 298 | C16: ='Lớp 10'!S273 -> 298 | D16: ='Lớp 10'!S305 -> 296 | E16: ='Lớp 10'!S338 -> 299.5 | F16: ='Lớp 10'!S375 -> 299 | G16: ='Lớp 10'!S408 -> 298.5 | H16: ='Lớp 10'!S440 -> 301.5 | I16: =ROUND(AVERAGE(B16:H16),2) -> 298.64 | J16: =RANK(I16,$I$8:$I$19,0) -> 7
A17: 45940 | B17: ='Lớp 10'!S240 -> 298 | C17: ='Lớp 10'!S274 -> 294 | D17: ='Lớp 10'!S306 -> 294 | E17: ='Lớp 10'!S339 -> 302.5 | F17: ='Lớp 10'!S376 -> 299.5 | G17: ='Lớp 10'!S409 -> 299 | H17: ='Lớp 10'!S441 -> 301 | I17: =ROUND(AVERAGE(B17:H17),2) -> 298.29 | J17: =RANK(I17,$I$8:$I$19,0) -> 10
A18: 45971 | B18: ='Lớp 10'!S241 -> 296 | C18: ='Lớp 10'!S275 -> 297.5 | D18: ='Lớp 10'!S307 -> 295 | E18: ='Lớp 10'!S340 -> 294.5 | F18: ='Lớp 10'!S377 -> 298.5 | G18: ='Lớp 10'!S410 -> 291 | H18: ='Lớp 10'!S442 -> 298.5 | I18: =ROUND(AVERAGE(B18:H18),2) -> 295.86 | J18: =RANK(I18,$I$8:$I$19,0) -> 12
A19: 46001 | B19: ='Lớp 10'!S242 -> 296.5 | C19: ='Lớp 10'!S276 -> 300 | D19: ='Lớp 10'!S308 -> 301.5 | E19: ='Lớp 10'!S341 -> 302 | F19: ='Lớp 10'!S378 -> 300 | G19: ='Lớp 10'!S411 -> 301 | H19: ='Lớp 10'!S443 -> 302.5 | I19: =ROUND(AVERAGE(B19:H19),2) -> 300.5 | J19: =RANK(I19,$I$8:$I$19,0) -> 2
E21: TP. Huế, ngày 10 tháng 11 năm 2025
A22: XÁC NHẬN CỦA BGH | E22: T/M BCH ĐOÀN TRƯỜNG
A23: Hiệu trưởng | E23: Bí thư
A27: Đặng Đức Tuệ | E27: Dương Phước Dũng
A30: TRƯỜNG THPT NGUYỄN HUỆ
A31: ĐOÀN TRƯỜNG THPT NGUYỄN HUỆ
A33: PHONG TRÀO SỐ 2 - KHỐI 11 TỪ NGÀY 27/10/2025 ĐẾN NGÀY 09/01/2026
A36: Khối 11 | B36: Tuần 9+10+11 | C36: Tuần 12+13 | D36: Tuần 14 | E36: Tuần 15 | F36: Tuần 16 | G36: Tuần 17 | H36: Tuần 18+19 | I36: Trung bình | J36: Vị thứ
A37: 45668 | B37: ='Lớp 11'!S267 -> 300 | C37: ='Lớp 11'!S300 -> 299 | D37: ='Lớp 11'!S333 -> 300 | E37: ='Lớp 11'!S370 -> 303.5 | F37: ='Lớp 11'!S416 -> 301 | G37: ='Lớp 11'!S454 -> 301 | H37: ='Lớp 11'!S489 -> 301.5 | I37: =ROUND(AVERAGE(B37:H37),2) -> 300.86 | J37: =RANK(I37,$I$37:$I$50,0) -> 2
A38: 45699 | B38: ='Lớp 11'!S268 -> 300 | C38: ='Lớp 11'!S301 -> 299 | D38: ='Lớp 11'!S334 -> 299 | E38: ='Lớp 11'!S371 -> 303 | F38: ='Lớp 11'!S417 -> 298 | G38: ='Lớp 11'!S455 -> 300 | H38: ='Lớp 11'!S490 -> 300 | I38: =ROUND(AVERAGE(B38:H38),2) -> 299.86 | J38: =RANK(I38,$I$37:$I$50,0) -> 8
A39: 45727 | B39: ='Lớp 11'!S269 -> 299 | C39: ='Lớp 11'!S302 -> 294.5 | D39: ='Lớp 11'!S335 -> 300.5 | E39: ='Lớp 11'!S372 -> 300.5 | F39: ='Lớp 11'!S418 -> 300.5 | G39: ='Lớp 11'!S456 -> 299.5 | H39: ='Lớp 11'!S491 -> 300 | I39: =ROUND(AVERAGE(B39:H39),2) -> 299.21 | J39: =RANK(I39,$I$37:$I$50,0) -> 9
A40: 45758 | B40: ='Lớp 11'!S270 -> 299.5 | C40: ='Lớp 11'!S303 -> 299 | D40: ='Lớp 11'!S336 -> 299.5 | E40: ='Lớp 11'!S373 -> 302.5 | F40: ='Lớp 11'!S419 -> 301 | G40: ='Lớp 11'!S457 -> 298.5 | H40: ='Lớp 11'!S492 -> 300 | I40: =ROUND(AVERAGE(B40:H40),2) -> 300 | J40: =RANK(I40,$I$37:$I$50,0) -> 7
A41: 45788 | B41: ='Lớp 11'!S271 -> 297.5 | C41: ='Lớp 11'!S304 -> 298.5 | D41: ='Lớp 11'!S337 -> 302 | E41: ='Lớp 11'!S374 -> 303.5 | F41: ='Lớp 11'!S420 -> 300.5 | G41: ='Lớp 11'!S458 -> 301 | H41: ='Lớp 11'!S493 -> 302 | I41: =ROUND(AVERAGE(B41:H41),2) -> 300.71 | J41: =RANK(I41,$I$37:$I$50,0) -> 3
A42: 45819 | B42: ='Lớp 11'!S272 -> 295.5 | C42: ='Lớp 11'!S305 -> 296.5 | D42: ='Lớp 11'!S338 -> 294 | E42: ='Lớp 11'!S375 -> 290 | F42: ='Lớp 11'!S421 -> 295.5 | G42: ='Lớp 11'!S459 -> 296 | H42: ='Lớp 11'!S494 -> 299 | I42: =ROUND(AVERAGE(B42:H42),2) -> 295.21 | J42: =RANK(I42,$I$37:$I$50,0) -> 14
A43: 45849 | B43: ='Lớp 11'!S273 -> 297 | C43: ='Lớp 11'!S306 -> 298 | D43: ='Lớp 11'!S339 -> 300.5 | E43: ='Lớp 11'!S376 -> 300.5 | F43: ='Lớp 11'!S422 -> 297.5 | G43: ='Lớp 11'!S460 -> 300 | H43: ='Lớp 11'!S495 -> 300 | I43: =ROUND(AVERAGE(B43:H43),2) -> 299.07 | J43: =RANK(I43,$I$37:$I$50,0) -> 11
A44: 45880 | B44: ='Lớp 11'!S274 -> 296.5 | C44: ='Lớp 11'!S307 -> 298.5 | D44: ='Lớp 11'!S340 -> 294 | E44: ='Lớp 11'!S377 -> 300 | F44: ='Lớp 11'!S423 -> 297.5 | G44: ='Lớp 11'!S461 -> 295 | H44: ='Lớp 11'!S496 -> 299 | I44: =ROUND(AVERAGE(B44:H44),2) -> 297.21 | J44: =RANK(I44,$I$37:$I$50,0) -> 13
A45: 45911 | B45: ='Lớp 11'!S275 -> 295 | C45: ='Lớp 11'!S308 -> 298 | D45: ='Lớp 11'!S341 -> 302 | E45: ='Lớp 11'!S378 -> 300.5 | F45: ='Lớp 11'!S424 -> 300.5 | G45: ='Lớp 11'!S462 -> 298.5 | H45: ='Lớp 11'!S497 -> 300 | I45: =ROUND(AVERAGE(B45:H45),2) -> 299.21 | J45: =RANK(I45,$I$37:$I$50,0) -> 9
A46: 45941 | B46: ='Lớp 11'!S276 -> 300 | C46: ='Lớp 11'!S309 -> 300 | D46: ='Lớp 11'!S342 -> 302 | E46: ='Lớp 11'!S379 -> 304 | F46: ='Lớp 11'!S425 -> 299 | G46: ='Lớp 11'!S463 -> 303 | H46: ='Lớp 11'!S498 -> 300 | I46: =ROUND(AVERAGE(B46:H46),2) -> 301.14 | J46: =RANK(I46,$I$37:$I$50,0) -> 1
A47: 45972 | B47: ='Lớp 11'!S277 -> 299 | C47: ='Lớp 11'!S310 -> 300 | D47: ='Lớp 11'!S343 -> 301.5 | E47: ='Lớp 11'!S380 -> 302 | F47: ='Lớp 11'!S426 -> 300 | G47: ='Lớp 11'!S464 -> 299 | H47: ='Lớp 11'!S499 -> 300 | I47: =ROUND(AVERAGE(B47:H47),2) -> 300.21 | J47: =RANK(I47,$I$37:$I$50,0) -> 6
A48: 46002 | B48: ='Lớp 11'!S278 -> 300 | C48: ='Lớp 11'!S311 -> 300 | D48: ='Lớp 11'!S344 -> 301 | E48: ='Lớp 11'!S381 -> 303 | F48: ='Lớp 11'!S427 -> 300.5 | G48: ='Lớp 11'!S465 -> 300.5 | H48: ='Lớp 11'!S500 -> 299.5 | I48: =ROUND(AVERAGE(B48:H48),2) -> 300.64 | J48: =RANK(I48,$I$37:$I$50,0) -> 4
A49: 11/13 | B49: ='Lớp 11'!S279 -> 299 | C49: ='Lớp 11'!S312 -> 300 | D49: ='Lớp 11'!S345 -> 299.5 | E49: ='Lớp 11'!S382 -> 303.5 | F49: ='Lớp 11'!S428 -> 300 | G49: ='Lớp 11'!S466 -> 301 | H49: ='Lớp 11'!S501 -> 300.5 | I49: =ROUND(AVERAGE(B49:H49),2) -> 300.5 | J49: =RANK(I49,$I$37:$I$50,0) -> 5
A50: 11/14 | B50: ='Lớp 11'!S280 -> 297.5 | C50: ='Lớp 11'!S313 -> 298.5 | D50: ='Lớp 11'!S346 -> 297.5 | E50: ='Lớp 11'!S383 -> 301 | F50: ='Lớp 11'!S429 -> 297 | G50: ='Lớp 11'!S467 -> 299 | H50: ='Lớp 11'!S502 -> 299.5 | I50: =ROUND(AVERAGE(B50:H50),2) -> 298.57 | J50: =RANK(I50,$I$37:$I$50,0) -> 12
E52: TP. Huế, ngày 10 tháng 11 năm 2025
A53: XÁC NHẬN CỦA BGH | E53: T/M BCH ĐOÀN TRƯỜNG
A54: Hiệu trưởng | E54: Bí thư
A58: Đặng Đức Tuệ | E58: Dương Phước Dũng
A61: TRƯỜNG THPT NGUYỄN HUỆ
A62: ĐOÀN TRƯỜNG THPT NGUYỄN HUỆ
A64: PHONG TRÀO SỐ 2 - KHỐI 12 TỪ NGÀY 27/10/2025 ĐẾN NGÀY 09/01/2026
A66: Khối 12 | B66: Tuần 9+10+11 | C66: Tuần 12+13 | D66: Tuần 14 | E66: Tuần 15 | F66: Tuần 16 | G66: Tuần 17 | H66: Tuần 18+19 | I66: Trung bình | J66: Vị thứ
A67: 45669 | B67: ='Lớp 12'!S257 -> 300 | C67: ='Lớp 12'!S289 -> 299.5 | D67: ='Lớp 12'!S324 -> 301.5 | E67: ='Lớp 12'!S356 -> 300.5 | F67: ='Lớp 12'!S391 -> 300 | G67: ='Lớp 12'!S428 -> 300 | H67: ='Lớp 12'!S463 -> 300 | I67: =round(average(B67:H67),2) -> 300.21 | J67: =rank(I67,$I$67:$I$80,0) -> 2
A68: 45700 | B68: ='Lớp 12'!S258 -> 298 | C68: ='Lớp 12'!S290 -> 297 | D68: ='Lớp 12'!S325 -> 298.5 | E68: ='Lớp 12'!S357 -> 298.5 | F68: ='Lớp 12'!S392 -> 295.5 | G68: ='Lớp 12'!S429 -> 299 | H68: ='Lớp 12'!S464 -> 299 | I68: =round(average(B68:H68),2) -> 297.93 | J68: =rank(I68,$I$67:$I$80,0) -> 14
A69: 45728 | B69: ='Lớp 12'!S259 -> 300 | C69: ='Lớp 12'!S291 -> 295 | D69: ='Lớp 12'!S326 -> 300 | E69: ='Lớp 12'!S358 -> 301.5 | F69: ='Lớp 12'!S393 -> 298.5 | G69: ='Lớp 12'!S430 -> 295.5 | H69: ='Lớp 12'!S465 -> 299.5 | I69: =round(average(B69:H69),2) -> 298.57 | J69: =rank(I69,$I$67:$I$80,0) -> 13
A70: 45759 | B70: ='Lớp 12'!S260 -> 299.5 | C70: ='Lớp 12'!S292 -> 298.5 | D70: ='Lớp 12'!S327 -> 301 | E70: ='Lớp 12'!S359 -> 301 | F70: ='Lớp 12'!S394 -> 299.5 | G70: ='Lớp 12'!S431 -> 296.5 | H70: ='Lớp 12'!S466 -> 300.5 | I70: =round(average(B70:H70),2) -> 299.5 | J70: =rank(I70,$I$67:$I$80,0) -> 7
A71: 45789 | B71: ='Lớp 12'!S261 -> 299.5 | C71: ='Lớp 12'!S293 -> 300 | D71: ='Lớp 12'!S328 -> 301 | E71: ='Lớp 12'!S360 -> 300 | F71: ='Lớp 12'!S395 -> 299.5 | G71: ='Lớp 12'!S432 -> 298 | H71: ='Lớp 12'!S467 -> 300.5 | I71: =round(average(B71:H71),2) -> 299.79 | J71: =rank(I71,$I$67:$I$80,0) -> 6
A72: 45820 | B72: ='Lớp 12'!S262 -> 298.5 | C72: ='Lớp 12'!S294 -> 298.5 | D72: ='Lớp 12'!S329 -> 300 | E72: ='Lớp 12'!S361 -> 300 | F72: ='Lớp 12'!S396 -> 299 | G72: ='Lớp 12'!S433 -> 300 | H72: ='Lớp 12'!S468 -> 296 | I72: =round(average(B72:H72),2) -> 298.86 | J72: =rank(I72,$I$67:$I$80,0) -> 10
A73: 45850 | B73: ='Lớp 12'!S263 -> 298 | C73: ='Lớp 12'!S295 -> 299 | D73: ='Lớp 12'!S330 -> 300 | E73: ='Lớp 12'!S362 -> 298 | F73: ='Lớp 12'!S397 -> 299 | G73: ='Lớp 12'!S434 -> 299 | H73: ='Lớp 12'!S469 -> 300 | I73: =round(average(B73:H73),2) -> 299 | J73: =rank(I73,$I$67:$I$80,0) -> 9
A74: 45881 | B74: ='Lớp 12'!S264 -> 295.5 | C74: ='Lớp 12'!S296 -> 298.5 | D74: ='Lớp 12'!S331 -> 300 | E74: ='Lớp 12'!S363 -> 300.5 | F74: ='Lớp 12'!S398 -> 299 | G74: ='Lớp 12'!S435 -> 299 | H74: ='Lớp 12'!S470 -> 299 | I74: =round(average(B74:H74),2) -> 298.79 | J74: =rank(I74,$I$67:$I$80,0) -> 11
A75: 45912 | B75: ='Lớp 12'!S265 -> 300 | C75: ='Lớp 12'!S297 -> 299 | D75: ='Lớp 12'!S332 -> 300.5 | E75: ='Lớp 12'!S364 -> 301.5 | F75: ='Lớp 12'!S399 -> 299 | G75: ='Lớp 12'!S436 -> 300 | H75: ='Lớp 12'!S471 -> 300.5 | I75: =round(average(B75:H75),2) -> 300.07 | J75: =rank(I75,$I$67:$I$80,0) -> 4
A76: 45942 | B76: ='Lớp 12'!S266 -> 298 | C76: ='Lớp 12'!S298 -> 300 | D76: ='Lớp 12'!S333 -> 299 | E76: ='Lớp 12'!S365 -> 300 | F76: ='Lớp 12'!S400 -> 298.5 | G76: ='Lớp 12'!S437 -> 298 | H76: ='Lớp 12'!S472 -> 300 | I76: =round(average(B76:H76),2) -> 299.07 | J76: =rank(I76,$I$67:$I$80,0) -> 8
A77: 45973 | B77: ='Lớp 12'!S267 -> 300 | C77: ='Lớp 12'!S299 -> 299.5 | D77: ='Lớp 12'!S334 -> 301 | E77: ='Lớp 12'!S366 -> 300 | F77: ='Lớp 12'!S401 -> 299.5 | G77: ='Lớp 12'!S438 -> 300 | H77: ='Lớp 12'!S473 -> 299.5 | I77: =round(average(B77:H77),2) -> 299.93 | J77: =rank(I77,$I$67:$I$80,0) -> 5
A78: 46003 | B78: ='Lớp 12'!S268 -> 300 | C78: ='Lớp 12'!S300 -> 299.5 | D78: ='Lớp 12'!S335 -> 298 | E78: ='Lớp 12'!S367 -> 300.5 | F78: ='Lớp 12'!S402 -> 297.5 | G78: ='Lớp 12'!S439 -> 298 | H78: ='Lớp 12'!S474 -> 298 | I78: =round(average(B78:H78),2) -> 298.79 | J78: =rank(I78,$I$67:$I$80,0) -> 11
A79: 12/13 | B79: ='Lớp 12'!S269 -> 300 | C79: ='Lớp 12'!S301 -> 300 | D79: ='Lớp 12'!S336 -> 302 | E79: ='Lớp 12'!S368 -> 303 | F79: ='Lớp 12'!S403 -> 298 | G79: ='Lớp 12'!S440 -> 298.5 | H79: ='Lớp 12'!S475 -> 302.5 | I79: =round(average(B79:H79),2) -> 300.57 | J79: =rank(I79,$I$67:$I$80,0) -> 1
A80: 12/14 | B80: ='Lớp 12'!S270 -> 300 | C80: ='Lớp 12'!S302 -> 298.5 | D80: ='Lớp 12'!S337 -> 300.5 | E80: ='Lớp 12'!S369 -> 301 | F80: ='Lớp 12'!S404 -> 298 | G80: ='Lớp 12'!S441 -> 301.5 | H80: ='Lớp 12'!S476 -> 301.5 | I80: =round(average(B80:H80),2) -> 300.14 | J80: =rank(I80,$I$67:$I$80,0) -> 3
E82: TP. Huế, ngày 10 tháng 11 năm 2025
A83: XÁC NHẬN CỦA BGH | E83: T/M BCH ĐOÀN TRƯỜNG
A84: Hiệu trưởng | E84: Bí thư
A88: Đặng Đức Tuệ | E88: Dương Phước Dũng

Sheet SƠ KẾT HKI
A1: TRƯỜNG THPT NGUYỄN HUỆ
A2: ĐOÀN TRƯỜNG THPT NGUYỄN HUỆ
A4: SƠ KẾT THI ĐUA HỌC KÌ I - KHỐI 10 NĂM HỌC 2025 - 2026
A7: Khối 10 | B7: Tuần 1+2 | C7: Tuần 3 | D7: Tuần 4 | E7: Tuần 5 | F7: Tuần 6 | G7: Tuần 7 | H7: Tuần 8 | I7: Tuần 9+10+11 | J7: Tuần 12+13 | K7: Tuần 14 | L7: Tuần 15 | M7: Tuần 16 | N7: Tuần 17 | O7: Tuần 18+19 | P7: Trung bình | Q7: Vị thứ
A8: 45667 | B8: ='Lớp 10'!S8 -> 299.5 | C8: ='Lớp 10'!S40 -> 301.5 | D8: ='Lớp 10'!S74 -> 297.5 | E8: ='Lớp 10'!S106 -> 297 | F8: ='Lớp 10'!S140 -> 301 | G8: ='Lớp 10'!S167 -> 297 | H8: ='Lớp 10'!S200 -> 300 | I8: ='Lớp 10'!S231 -> 296 | J8: ='Lớp 10'!S265 -> 297 | K8: ='Lớp 10'!S297 -> 298.5 | L8: ='Lớp 10'!S330 -> 301.5 | M8: ='Lớp 10'!S367 -> 298.5 | N8: ='Lớp 10'!S400 -> 299.5 | O8: ='Lớp 10'!S432 -> 299 | P8: =ROUND(AVERAGE(B8:O8),2) -> 298.82 | Q8: =RANK(P8,$P$8:$P$19,0) -> 8
A9: 45698 | B9: ='Lớp 10'!S9 -> 299 | C9: ='Lớp 10'!S41 -> 302 | D9: ='Lớp 10'!S75 -> 300 | E9: ='Lớp 10'!S107 -> 301 | F9: ='Lớp 10'!S141 -> 301 | G9: ='Lớp 10'!S168 -> 298.5 | H9: ='Lớp 10'!S201 -> 299 | I9: ='Lớp 10'!S232 -> 299 | J9: ='Lớp 10'!S266 -> 297.5 | K9: ='Lớp 10'!S298 -> 299.5 | L9: ='Lớp 10'!S331 -> 303 | M9: ='Lớp 10'!S368 -> 300.5 | N9: ='Lớp 10'!S401 -> 300.5 | O9: ='Lớp 10'!S433 -> 299 | P9: =ROUND(AVERAGE(B9:O9),2) -> 299.96 | Q9: =RANK(P9,$P$8:$P$19,0) -> 4
A10: 45726 | B10: ='Lớp 10'!S10 -> 299.5 | C10: ='Lớp 10'!S42 -> 300.5 | D10: ='Lớp 10'!S76 -> 298 | E10: ='Lớp 10'!S108 -> 296 | F10: ='Lớp 10'!S142 -> 299 | G10: ='Lớp 10'!S169 -> 297 | H10: ='Lớp 10'!S202 -> 300 | I10: ='Lớp 10'!S233 -> 299 | J10: ='Lớp 10'!S267 -> 294.5 | K10: ='Lớp 10'!S299 -> 300 | L10: ='Lớp 10'!S332 -> 302.5 | M10: ='Lớp 10'!S369 -> 301 | N10: ='Lớp 10'!S402 -> 300 | O10: ='Lớp 10'!S434 -> 299.5 | P10: =ROUND(AVERAGE(B10:O10),2) -> 299.04 | Q10: =RANK(P10,$P$8:$P$19,0) -> 7
A11: 45757 | B11: ='Lớp 10'!S11 -> 297.5 | C11: ='Lớp 10'!S43 -> 301.5 | D11: ='Lớp 10'!S77 -> 299.5 | E11: ='Lớp 10'!S109 -> 299.5 | F11: ='Lớp 10'!S143 -> 299.5 | G11: ='Lớp 10'!S170 -> 298.5 | H11: ='Lớp 10'!S203 -> 299.5 | I11: ='Lớp 10'!S234 -> 299.5 | J11: ='Lớp 10'!S268 -> 300 | K11: ='Lớp 10'!S300 -> 297.5 | L11: ='Lớp 10'!S333 -> 299.5 | M11: ='Lớp 10'!S370 -> 299 | N11: ='Lớp 10'!S403 -> 300.5 | O11: ='Lớp 10'!S435 -> 299.5 | P11: =ROUND(AVERAGE(B11:O11),2) -> 299.36 | Q11: =RANK(P11,$P$8:$P$19,0) -> 5
A12: 45787 | B12: ='Lớp 10'!S12 -> 300 | C12: ='Lớp 10'!S44 -> 300.5 | D12: ='Lớp 10'!S78 -> 297.5 | E12: ='Lớp 10'!S110 -> 296.5 | F12: ='Lớp 10'!S144 -> 299.5 | G12: ='Lớp 10'!S171 -> 299.5 | H12: ='Lớp 10'!S204 -> 299 | I12: ='Lớp 10'!S235 -> 298 | J12: ='Lớp 10'!S269 -> 298.5 | K12: ='Lớp 10'!S301 -> 298.5 | L12: ='Lớp 10'!S334 -> 299.5 | M12: ='Lớp 10'!S371 -> 295 | N12: ='Lớp 10'!S404 -> 298.5 | O12: ='Lớp 10'!S436 -> 298.5 | P12: =ROUND(AVERAGE(B12:O12),2) -> 298.5 | Q12: =RANK(P12,$P$8:$P$19,0) -> 11
A13: 45818 | B13: ='Lớp 10'!S13 -> 299.5 | C13: ='Lớp 10'!S45 -> 298 | D13: ='Lớp 10'!S79 -> 299.5 | E13: ='Lớp 10'!S111 -> 299 | F13: ='Lớp 10'!S145 -> 300.5 | G13: ='Lớp 10'!S172 -> 298 | H13: ='Lớp 10'!S205 -> 297 | I13: ='Lớp 10'!S236 -> 296 | J13: ='Lớp 10'!S270 -> 297 | K13: ='Lớp 10'!S302 -> 302 | L13: ='Lớp 10'!S335 -> 300.5 | M13: ='Lớp 10'!S372 -> 300 | N13: ='Lớp 10'!S405 -> 296 | O13: ='Lớp 10'!S437 -> 298.5 | P13: =ROUND(AVERAGE(B13:O13),2) -> 298.68 | Q13: =RANK(P13,$P$8:$P$19,0) -> 10
A14: 45848 | B14: ='Lớp 10'!S14 -> 300 | C14: ='Lớp 10'!S46 -> 301 | D14: ='Lớp 10'!S80 -> 299 | E14: ='Lớp 10'!S112 -> 301 | F14: ='Lớp 10'!S146 -> 299 | G14: ='Lớp 10'!S173 -> 299.5 | H14: ='Lớp 10'!S206 -> 300 | I14: ='Lớp 10'!S237 -> 300 | J14: ='Lớp 10'!S271 -> 300 | K14: ='Lớp 10'!S303 -> 300 | L14: ='Lớp 10'!S336 -> 301.5 | M14: ='Lớp 10'!S373 -> 300 | N14: ='Lớp 10'!S406 -> 300 | O14: ='Lớp 10'!S438 -> 300.5 | P14: =ROUND(AVERAGE(B14:O14),2) -> 300.11 | Q14: =RANK(P14,$P$8:$P$19,0) -> 2
A15: 45879 | B15: ='Lớp 10'!S15 -> 300 | C15: ='Lớp 10'!S47 -> 302.5 | D15: ='Lớp 10'!S81 -> 299.5 | E15: ='Lớp 10'!S113 -> 296 | F15: ='Lớp 10'!S147 -> 301 | G15: ='Lớp 10'!S174 -> 300 | H15: ='Lớp 10'!S207 -> 300 | I15: ='Lớp 10'!S238 -> 297.5 | J15: ='Lớp 10'!S272 -> 300 | K15: ='Lớp 10'!S304 -> 302 | L15: ='Lớp 10'!S337 -> 304 | M15: ='Lớp 10'!S374 -> 299.5 | N15: ='Lớp 10'!S407 -> 301 | O15: ='Lớp 10'!S439 -> 303 | P15: =ROUND(AVERAGE(B15:O15),2) -> 300.43 | Q15: =RANK(P15,$P$8:$P$19,0) -> 1
A16: 45910 | B16: ='Lớp 10'!S16 -> 300 | C16: ='Lớp 10'!S48 -> 298.5 | D16: ='Lớp 10'!S82 -> 296 | E16: ='Lớp 10'!S114 -> 300 | F16: ='Lớp 10'!S148 -> 300.5 | G16: ='Lớp 10'!S175 -> 298 | H16: ='Lớp 10'!S208 -> 300 | I16: ='Lớp 10'!S239 -> 298 | J16: ='Lớp 10'!S273 -> 298 | K16: ='Lớp 10'!S305 -> 296 | L16: ='Lớp 10'!S338 -> 299.5 | M16: ='Lớp 10'!S375 -> 299 | N16: ='Lớp 10'!S408 -> 298.5 | O16: ='Lớp 10'!S440 -> 301.5 | P16: =ROUND(AVERAGE(B16:O16),2) -> 298.82 | Q16: =RANK(P16,$P$8:$P$19,0) -> 8
A17: 45940 | B17: ='Lớp 10'!S17 -> 299.5 | C17: ='Lớp 10'!S49 -> 302 | D17: ='Lớp 10'!S83 -> 299.5 | E17: ='Lớp 10'!S115 -> 302.5 | F17: ='Lớp 10'!S149 -> 298.5 | G17: ='Lớp 10'!S176 -> 299 | H17: ='Lớp 10'!S209 -> 299 | I17: ='Lớp 10'!S240 -> 298 | J17: ='Lớp 10'!S274 -> 294 | K17: ='Lớp 10'!S306 -> 294 | L17: ='Lớp 10'!S339 -> 302.5 | M17: ='Lớp 10'!S376 -> 299.5 | N17: ='Lớp 10'!S409 -> 299 | O17: ='Lớp 10'!S441 -> 301 | P17: =ROUND(AVERAGE(B17:O17),2) -> 299.14 | Q17: =RANK(P17,$P$8:$P$19,0) -> 6
A18: 45971 | B18: ='Lớp 10'!S18 -> 299 | C18: ='Lớp 10'!S50 -> 298 | D18: ='Lớp 10'!S84 -> 297.5 | E18: ='Lớp 10'!S116 -> 299 | F18: ='Lớp 10'!S150 -> 300 | G18: ='Lớp 10'!S177 -> 299.5 | H18: ='Lớp 10'!S210 -> 299.5 | I18: ='Lớp 10'!S241 -> 296 | J18: ='Lớp 10'!S275 -> 297.5 | K18: ='Lớp 10'!S307 -> 295 | L18: ='Lớp 10'!S340 -> 294.5 | M18: ='Lớp 10'!S377 -> 298.5 | N18: ='Lớp 10'!S410 -> 291 | O18: ='Lớp 10'!S442 -> 298.5 | P18: =ROUND(AVERAGE(B18:O18),2) -> 297.39 | Q18: =RANK(P18,$P$8:$P$19,0) -> 12
A19: 46001 | B19: ='Lớp 10'!S19 -> 300.5 | C19: ='Lớp 10'!S51 -> 300 | D19: ='Lớp 10'!S85 -> 298.5 | E19: ='Lớp 10'!S117 -> 298.5 | F19: ='Lớp 10'!S151 -> 301 | G19: ='Lớp 10'!S178 -> 299.5 | H19: ='Lớp 10'!S211 -> 300 | I19: ='Lớp 10'!S242 -> 296.5 | J19: ='Lớp 10'!S276 -> 300 | K19: ='Lớp 10'!S308 -> 301.5 | L19: ='Lớp 10'!S341 -> 302 | M19: ='Lớp 10'!S378 -> 300 | N19: ='Lớp 10'!S411 -> 301 | O19: ='Lớp 10'!S443 -> 302.5 | P19: =ROUND(AVERAGE(B19:O19),2) -> 300.11 | Q19: =RANK(P19,$P$8:$P$19,0) -> 2
B21: KHUNG | D21: GỒM CÁC LỚP | H21: TỈ LỆ
B22: I | D22: 10/8; 10/7; 10/2; 10/12; 10/4; 10/10; 10/3; 10/9; 10/1; 10/6 | H22: 95-100%
B23: II | D23: 10/5; 10/11 | H23: 90-95%
N25: TP. Huế, ngày ..... tháng ...... năm 2026
E26: XÁC NHẬN CỦA BGH | N26: T/M BCH ĐOÀN TRƯỜNG
E27: Hiệu trưởng | N27: Bí thư
E33: Đặng Đức Tuệ | N33: Dương Phước Dũng
A36: TRƯỜNG THPT NGUYỄN HUỆ
A37: ĐOÀN TRƯỜNG THPT NGUYỄN HUỆ
A39: SƠ KẾT THI ĐUA HỌC KÌ I - KHỐI 11 NĂM HỌC 2025 - 2026
A42: Khối 11 | B42: Tuần 1+2 | C42: Tuần 3 | D42: Tuần 4 | E42: Tuần 5 | F42: Tuần 6 | G42: Tuần 7 | H42: Tuần 8 | I42: Tuần 9+10+11 | J42: Tuần 12+13 | K42: Tuần 14 | L42: Tuần 15 | M42: Tuần 16 | N42: Tuần 17 | O42: Tuần 18+19 | P42: Trung bình | Q42: Vị thứ
A43: 45668 | B43: ='Lớp 11'!S8 -> 300.5 | C43: ='Lớp 11'!S48 -> 300.5 | D43: ='Lớp 11'!S86 -> 298 | E43: ='Lớp 11'!S124 -> 302 | F43: ='Lớp 11'!S161 -> 301 | G43: ='Lớp 11'!S197 -> 300.5 | H43: ='Lớp 11'!S233 -> 301.5 | I43: ='Lớp 11'!S267 -> 300 | J43: ='Lớp 11'!S300 -> 299 | K43: ='Lớp 11'!S333 -> 300 | L43: ='Lớp 11'!S370 -> 303.5 | M43: ='Lớp 11'!S416 -> 301 | N43: ='Lớp 11'!S454 -> 301 | O43: ='Lớp 11'!S489 -> 301.5 | P43: =ROUND(AVERAGE(B43:O43),2) -> 300.71 | Q43: =RANK(P43,$P$43:$P$56,0) -> 3
A44: 45699 | B44: ='Lớp 11'!S9 -> 300 | C44: ='Lớp 11'!S49 -> 302.5 | D44: ='Lớp 11'!S87 -> 298.5 | E44: ='Lớp 11'!S125 -> 300 | F44: ='Lớp 11'!S162 -> 298.5 | G44: ='Lớp 11'!S198 -> 301 | H44: ='Lớp 11'!S234 -> 300 | I44: ='Lớp 11'!S268 -> 300 | J44: ='Lớp 11'!S301 -> 299 | K44: ='Lớp 11'!S334 -> 299 | L44: ='Lớp 11'!S371 -> 303 | M44: ='Lớp 11'!S417 -> 298 | N44: ='Lớp 11'!S455 -> 300 | O44: ='Lớp 11'!S490 -> 300 | P44: =ROUND(AVERAGE(B44:O44),2) -> 299.96 | Q44: =RANK(P44,$P$43:$P$56,0) -> 9
A45: 45727 | B45: ='Lớp 11'!S10 -> 299 | C45: ='Lớp 11'!S50 -> 302.5 | D45: ='Lớp 11'!S88 -> 298 | E45: ='Lớp 11'!S126 -> 307 | F45: ='Lớp 11'!S163 -> 298.5 | G45: ='Lớp 11'!S199 -> 302 | H45: ='Lớp 11'!S235 -> 299.5 | I45: ='Lớp 11'!S269 -> 299 | J45: ='Lớp 11'!S302 -> 294.5 | K45: ='Lớp 11'!S335 -> 300.5 | L45: ='Lớp 11'!S372 -> 300.5 | M45: ='Lớp 11'!S418 -> 300.5 | N45: ='Lớp 11'!S456 -> 299.5 | O45: ='Lớp 11'!S491 -> 300 | P45: =ROUND(AVERAGE(B45:O45),2) -> 300.07 | Q45: =RANK(P45,$P$43:$P$56,0) -> 8
A46: 45758 | B46: ='Lớp 11'!S11 -> 300 | C46: ='Lớp 11'!S51 -> 304 | D46: ='Lớp 11'!S89 -> 299.5 | E46: ='Lớp 11'!S127 -> 301.5 | F46: ='Lớp 11'!S164 -> 298 | G46: ='Lớp 11'!S200 -> 303 | H46: ='Lớp 11'!S236 -> 300.5 | I46: ='Lớp 11'!S270 -> 299.5 | J46: ='Lớp 11'!S303 -> 299 | K46: ='Lớp 11'!S336 -> 299.5 | L46: ='Lớp 11'!S373 -> 302.5 | M46: ='Lớp 11'!S419 -> 301 | N46: ='Lớp 11'!S457 -> 298.5 | O46: ='Lớp 11'!S492 -> 300 | P46: =ROUND(AVERAGE(B46:O46),2) -> 300.46 | Q46: =RANK(P46,$P$43:$P$56,0) -> 6
A47: 45788 | B47: ='Lớp 11'!S12 -> 300 | C47: ='Lớp 11'!S52 -> 302.5 | D47: ='Lớp 11'!S90 -> 300.5 | E47: ='Lớp 11'!S128 -> 301 | F47: ='Lớp 11'!S165 -> 301 | G47: ='Lớp 11'!S201 -> 300.5 | H47: ='Lớp 11'!S237 -> 301 | I47: ='Lớp 11'!S271 -> 297.5 | J47: ='Lớp 11'!S304 -> 298.5 | K47: ='Lớp 11'!S337 -> 302 | L47: ='Lớp 11'!S374 -> 303.5 | M47: ='Lớp 11'!S420 -> 300.5 | N47: ='Lớp 11'!S458 -> 301 | O47: ='Lớp 11'!S493 -> 302 | P47: =ROUND(AVERAGE(B47:O47),2) -> 300.82 | Q47: =RANK(P47,$P$43:$P$56,0) -> 2
A48: 45819 | B48: ='Lớp 11'!S13 -> 295 | C48: ='Lớp 11'!S53 -> 294.5 | D48: ='Lớp 11'!S91 -> 297.5 | E48: ='Lớp 11'!S129 -> 297 | F48: ='Lớp 11'!S166 -> 289.5 | G48: ='Lớp 11'!S202 -> 299.5 | H48: ='Lớp 11'!S238 -> 298.5 | I48: ='Lớp 11'!S272 -> 295.5 | J48: ='Lớp 11'!S305 -> 296.5 | K48: ='Lớp 11'!S338 -> 294 | L48: ='Lớp 11'!S375 -> 290 | M48: ='Lớp 11'!S421 -> 295.5 | N48: ='Lớp 11'!S459 -> 296 | O48: ='Lớp 11'!S494 -> 299 | P48: =ROUND(AVERAGE(B48:O48),2) -> 295.57 | Q48: =RANK(P48,$P$43:$P$56,0) -> 14
A49: 45849 | B49: ='Lớp 11'!S14 -> 300 | C49: ='Lớp 11'!S54 -> 301.5 | D49: ='Lớp 11'!S92 -> 298.5 | E49: ='Lớp 11'!S130 -> 300.5 | F49: ='Lớp 11'!S167 -> 299.5 | G49: ='Lớp 11'!S203 -> 300.5 | H49: ='Lớp 11'!S239 -> 302.5 | I49: ='Lớp 11'!S273 -> 297 | J49: ='Lớp 11'!S306 -> 298 | K49: ='Lớp 11'!S339 -> 300.5 | L49: ='Lớp 11'!S376 -> 300.5 | M49: ='Lớp 11'!S422 -> 297.5 | N49: ='Lớp 11'!S460 -> 300 | O49: ='Lớp 11'!S495 -> 300 | P49: =ROUND(AVERAGE(B49:O49),2) -> 299.75 | Q49: =RANK(P49,$P$43:$P$56,0) -> 10
A50: 45880 | B50: ='Lớp 11'!S15 -> 298.5 | C50: ='Lớp 11'!S55 -> 300.5 | D50: ='Lớp 11'!S93 -> 297.5 | E50: ='Lớp 11'!S131 -> 299.5 | F50: ='Lớp 11'!S168 -> 300.5 | G50: ='Lớp 11'!S204 -> 299 | H50: ='Lớp 11'!S240 -> 299.5 | I50: ='Lớp 11'!S274 -> 296.5 | J50: ='Lớp 11'!S307 -> 298.5 | K50: ='Lớp 11'!S340 -> 294 | L50: ='Lớp 11'!S377 -> 300 | M50: ='Lớp 11'!S423 -> 297.5 | N50: ='Lớp 11'!S461 -> 295 | O50: ='Lớp 11'!S496 -> 299 | P50: =ROUND(AVERAGE(B50:O50),2) -> 298.25 | Q50: =RANK(P50,$P$43:$P$56,0) -> 13
A51: 45911 | B51: ='Lớp 11'!S16 -> 299.5 | C51: ='Lớp 11'!S56 -> 301 | D51: ='Lớp 11'!S94 -> 298 | E51: ='Lớp 11'!S132 -> 300.5 | F51: ='Lớp 11'!S169 -> 297.5 | G51: ='Lớp 11'!S205 -> 300.5 | H51: ='Lớp 11'!S241 -> 300 | I51: ='Lớp 11'!S275 -> 295 | J51: ='Lớp 11'!S308 -> 298 | K51: ='Lớp 11'!S341 -> 302 | L51: ='Lớp 11'!S378 -> 300.5 | M51: ='Lớp 11'!S424 -> 300.5 | N51: ='Lớp 11'!S462 -> 298.5 | O51: ='Lớp 11'!S497 -> 300 | P51: =ROUND(AVERAGE(B51:O51),2) -> 299.39 | Q51: =RANK(P51,$P$43:$P$56,0) -> 11
A52: 45941 | B52: ='Lớp 11'!S17 -> 299.5 | C52: ='Lớp 11'!S57 -> 302.5 | D52: ='Lớp 11'!S95 -> 299 | E52: ='Lớp 11'!S133 -> 302 | F52: ='Lớp 11'!S170 -> 300 | G52: ='Lớp 11'!S206 -> 301 | H52: ='Lớp 11'!S242 -> 303.5 | I52: ='Lớp 11'!S276 -> 300 | J52: ='Lớp 11'!S309 -> 300 | K52: ='Lớp 11'!S342 -> 302 | L52: ='Lớp 11'!S379 -> 304 | M52: ='Lớp 11'!S425 -> 299 | N52: ='Lớp 11'!S463 -> 303 | O52: ='Lớp 11'!S498 -> 300 | P52: =ROUND(AVERAGE(B52:O52),2) -> 301.11 | Q52: =RANK(P52,$P$43:$P$56,0) -> 1
A53: 45972 | B53: ='Lớp 11'!S18 -> 300 | C53: ='Lớp 11'!S58 -> 301 | D53: ='Lớp 11'!S96 -> 299 | E53: ='Lớp 11'!S134 -> 300.5 | F53: ='Lớp 11'!S171 -> 301 | G53: ='Lớp 11'!S207 -> 301.5 | H53: ='Lớp 11'!S243 -> 301.5 | I53: ='Lớp 11'!S277 -> 299 | J53: ='Lớp 11'!S310 -> 300 | K53: ='Lớp 11'!S343 -> 301.5 | L53: ='Lớp 11'!S380 -> 302 | M53: ='Lớp 11'!S426 -> 300 | N53: ='Lớp 11'!S464 -> 299 | O53: ='Lớp 11'!S499 -> 300 | P53: =ROUND(AVERAGE(B53:O53),2) -> 300.43 | Q53: =RANK(P53,$P$43:$P$56,0) -> 7
A54: 46002 | B54: ='Lớp 11'!S19 -> 297.5 | C54: ='Lớp 11'!S59 -> 302 | D54: ='Lớp 11'!S97 -> 298.5 | E54: ='Lớp 11'!S135 -> 301 | F54: ='Lớp 11'!S172 -> 301 | G54: ='Lớp 11'!S208 -> 301 | H54: ='Lớp 11'!S244 -> 301.5 | I54: ='Lớp 11'!S278 -> 300 | J54: ='Lớp 11'!S311 -> 300 | K54: ='Lớp 11'!S344 -> 301 | L54: ='Lớp 11'!S381 -> 303 | M54: ='Lớp 11'!S427 -> 300.5 | N54: ='Lớp 11'!S465 -> 300.5 | O54: ='Lớp 11'!S500 -> 299.5 | P54: =ROUND(AVERAGE(B54:O54),2) -> 300.5 | Q54: =RANK(P54,$P$43:$P$56,0) -> 5
A55: 11/13 | B55: ='Lớp 11'!S20 -> 299.5 | C55: ='Lớp 11'!S60 -> 302 | D55: ='Lớp 11'!S98 -> 299 | E55: ='Lớp 11'!S136 -> 301.5 | F55: ='Lớp 11'!S173 -> 301 | G55: ='Lớp 11'!S209 -> 300.5 | H55: ='Lớp 11'!S245 -> 301 | I55: ='Lớp 11'!S279 -> 299 | J55: ='Lớp 11'!S312 -> 300 | K55: ='Lớp 11'!S345 -> 299.5 | L55: ='Lớp 11'!S382 -> 303.5 | M55: ='Lớp 11'!S428 -> 300 | N55: ='Lớp 11'!S466 -> 301 | O55: ='Lớp 11'!S501 -> 300.5 | P55: =ROUND(AVERAGE(B55:O55),2) -> 300.57 | Q55: =RANK(P55,$P$43:$P$56,0) -> 4
A56: 11/14 | B56: ='Lớp 11'!S21 -> 297.5 | C56: ='Lớp 11'!S61 -> 300 | D56: ='Lớp 11'!S99 -> 298 | E56: ='Lớp 11'!S137 -> 298.5 | F56: ='Lớp 11'!S174 -> 299 | G56: ='Lớp 11'!S210 -> 300.5 | H56: ='Lớp 11'!S246 -> 300.5 | I56: ='Lớp 11'!S280 -> 297.5 | J56: ='Lớp 11'!S313 -> 298.5 | K56: ='Lớp 11'!S346 -> 297.5 | L56: ='Lớp 11'!S383 -> 301 | M56: ='Lớp 11'!S429 -> 297 | N56: ='Lớp 11'!S467 -> 299 | O56: ='Lớp 11'!S502 -> 299.5 | P56: =ROUND(AVERAGE(B56:O56),2) -> 298.86 | Q56: =RANK(P56,$P$43:$P$56,0) -> 12
B58: KHUNG | D58: GỒM CÁC LỚP | H58: TỈ LỆ
B59: I | D59: 11/10; 11/5; 11/1; 11/12; 11/13; 11/4; 11/11; 11/3; 11/2; 11/7; 11/9 | H59: 95-100%
B60: II | D60: 11/14; 11/8; 11/6 | H60: 90-95%
N62: TP. Huế, ngày ..... tháng ...... năm 2026
E63: XÁC NHẬN CỦA BGH | N63: T/M BCH ĐOÀN TRƯỜNG
E64: Hiệu trưởng | N64: Bí thư
E70: Đặng Đức Tuệ | N70: Dương Phước Dũng
A73: TRƯỜNG THPT NGUYỄN HUỆ
A74: ĐOÀN TRƯỜNG THPT NGUYỄN HUỆ
A76: SƠ KẾT THI ĐUA HỌC KÌ I - KHỐI 12 NĂM HỌC 2025 - 2026
A78: Khối 12 | B78: Tuần 1+2 | C78: Tuần 3 | D78: Tuần 4 | E78: Tuần 5 | F78: Tuần 6 | G78: Tuần 7 | H78: Tuần 8 | I78: Tuần 9+10+11 | J78: Tuần 12+13 | K78: Tuần 14 | L78: Tuần 15 | M78: Tuần 16 | N78: Tuần 17 | O78: Tuần 18+19 | P78: Trung bình | Q78: Vị thứ
A79: 45669 | B79: ='Lớp 12'!S8 -> 302 | C79: ='Lớp 12'!S48 -> 300 | D79: ='Lớp 12'!S86 -> 300 | E79: ='Lớp 12'!S118 -> 302 | F79: ='Lớp 12'!S156 -> 301 | G79: ='Lớp 12'!S191 -> 300 | H79: ='Lớp 12'!S223 -> 302 | I79: ='Lớp 12'!S257 -> 300 | J79: ='Lớp 12'!S289 -> 299.5 | K79: ='Lớp 12'!S324 -> 301.5 | L79: ='Lớp 12'!S356 -> 300.5 | M79: ='Lớp 12'!S391 -> 300 | N79: ='Lớp 12'!S428 -> 300 | O79: ='Lớp 12'!S463 -> 300 | P79: =round(average(B79:O79),2) -> 300.61 | Q79: =rank(P79,$P$79:$P$92,0) -> 1
A80: 45700 | B80: ='Lớp 12'!S9 -> 293 | C80: ='Lớp 12'!S49 -> 301 | D80: ='Lớp 12'!S87 -> 299.5 | E80: ='Lớp 12'!S119 -> 298.5 | F80: ='Lớp 12'!S157 -> 297.5 | G80: ='Lớp 12'!S192 -> 298.5 | H80: ='Lớp 12'!S224 -> 302.5 | I80: ='Lớp 12'!S258 -> 298 | J80: ='Lớp 12'!S290 -> 297 | K80: ='Lớp 12'!S325 -> 298.5 | L80: ='Lớp 12'!S357 -> 298.5 | M80: ='Lớp 12'!S392 -> 295.5 | N80: ='Lớp 12'!S429 -> 299 | O80: ='Lớp 12'!S464 -> 299 | P80: =round(average(B80:O80),2) -> 298.29 | Q80: =rank(P80,$P$79:$P$92,0) -> 14
A81: 45728 | B81: ='Lớp 12'!S10 -> 299 | C81: ='Lớp 12'!S50 -> 300.5 | D81: ='Lớp 12'!S88 -> 298 | E81: ='Lớp 12'!S120 -> 299.5 | F81: ='Lớp 12'!S158 -> 300 | G81: ='Lớp 12'!S193 -> 299.5 | H81: ='Lớp 12'!S225 -> 301.5 | I81: ='Lớp 12'!S259 -> 300 | J81: ='Lớp 12'!S291 -> 295 | K81: ='Lớp 12'!S326 -> 300 | L81: ='Lớp 12'!S358 -> 301.5 | M81: ='Lớp 12'!S393 -> 298.5 | N81: ='Lớp 12'!S430 -> 295.5 | O81: ='Lớp 12'!S465 -> 299.5 | P81: =round(average(B81:O81),2) -> 299.14 | Q81: =rank(P81,$P$79:$P$92,0) -> 11
A82: 45759 | B82: ='Lớp 12'!S11 -> 293.5 | C82: ='Lớp 12'!S51 -> 300.5 | D82: ='Lớp 12'!S89 -> 300 | E82: ='Lớp 12'!S121 -> 301.5 | F82: ='Lớp 12'!S159 -> 301 | G82: ='Lớp 12'!S194 -> 299 | H82: ='Lớp 12'!S226 -> 300.5 | I82: ='Lớp 12'!S260 -> 299.5 | J82: ='Lớp 12'!S292 -> 298.5 | K82: ='Lớp 12'!S327 -> 301 | L82: ='Lớp 12'!S359 -> 301 | M82: ='Lớp 12'!S394 -> 299.5 | N82: ='Lớp 12'!S431 -> 296.5 | O82: ='Lớp 12'!S466 -> 300.5 | P82: =round(average(B82:O82),2) -> 299.46 | Q82: =rank(P82,$P$79:$P$92,0) -> 8
A83: 45789 | B83: ='Lớp 12'!S12 -> 300 | C83: ='Lớp 12'!S52 -> 302.5 | D83: ='Lớp 12'!S90 -> 299.5 | E83: ='Lớp 12'!S122 -> 300 | F83: ='Lớp 12'!S160 -> 299 | G83: ='Lớp 12'!S195 -> 300.5 | H83: ='Lớp 12'!S227 -> 301.5 | I83: ='Lớp 12'!S261 -> 299.5 | J83: ='Lớp 12'!S293 -> 300 | K83: ='Lớp 12'!S328 -> 301 | L83: ='Lớp 12'!S360 -> 300 | M83: ='Lớp 12'!S395 -> 299.5 | N83: ='Lớp 12'!S432 -> 298 | O83: ='Lớp 12'!S467 -> 300.5 | P83: =round(average(B83:O83),2) -> 300.11 | Q83: =rank(P83,$P$79:$P$92,0) -> 5
A84: 45820 | B84: ='Lớp 12'!S13 -> 298.5 | C84: ='Lớp 12'!S53 -> 301.5 | D84: ='Lớp 12'!S91 -> 298.5 | E84: ='Lớp 12'!S123 -> 297.5 | F84: ='Lớp 12'!S161 -> 300 | G84: ='Lớp 12'!S196 -> 300 | H84: ='Lớp 12'!S228 -> 301.5 | I84: ='Lớp 12'!S262 -> 298.5 | J84: ='Lớp 12'!S294 -> 298.5 | K84: ='Lớp 12'!S329 -> 300 | L84: ='Lớp 12'!S361 -> 300 | M84: ='Lớp 12'!S396 -> 299 | N84: ='Lớp 12'!S433 -> 300 | O84: ='Lớp 12'!S468 -> 296 | P84: =round(average(B84:O84),2) -> 299.25 | Q84: =rank(P84,$P$79:$P$92,0) -> 9
A85: 45850 | B85: ='Lớp 12'!S14 -> 299 | C85: ='Lớp 12'!S54 -> 299.5 | D85: ='Lớp 12'!S92 -> 298.5 | E85: ='Lớp 12'!S124 -> 295 | F85: ='Lớp 12'!S162 -> 300 | G85: ='Lớp 12'!S197 -> 300 | H85: ='Lớp 12'!S229 -> 301 | I85: ='Lớp 12'!S263 -> 298 | J85: ='Lớp 12'!S295 -> 299 | K85: ='Lớp 12'!S330 -> 300 | L85: ='Lớp 12'!S362 -> 298 | M85: ='Lớp 12'!S397 -> 299 | N85: ='Lớp 12'!S434 -> 299 | O85: ='Lớp 12'!S469 -> 300 | P85: =round(average(B85:O85),2) -> 299 | Q85: =rank(P85,$P$79:$P$92,0) -> 12
A86: 45881 | B86: ='Lớp 12'!S15 -> 295.5 | C86: ='Lớp 12'!S55 -> 300 | D86: ='Lớp 12'!S93 -> 299 | E86: ='Lớp 12'!S125 -> 293 | F86: ='Lớp 12'!S163 -> 300 | G86: ='Lớp 12'!S198 -> 300 | H86: ='Lớp 12'!S230 -> 300.5 | I86: ='Lớp 12'!S264 -> 295.5 | J86: ='Lớp 12'!S296 -> 298.5 | K86: ='Lớp 12'!S331 -> 300 | L86: ='Lớp 12'!S363 -> 300.5 | M86: ='Lớp 12'!S398 -> 299 | N86: ='Lớp 12'!S435 -> 299 | O86: ='Lớp 12'!S470 -> 299 | P86: =round(average(B86:O86),2) -> 298.54 | Q86: =rank(P86,$P$79:$P$92,0) -> 13
A87: 45912 | B87: ='Lớp 12'!S16 -> 299 | C87: ='Lớp 12'!S56 -> 302.5 | D87: ='Lớp 12'!S94 -> 299.5 | E87: ='Lớp 12'!S126 -> 299.5 | F87: ='Lớp 12'!S164 -> 299 | G87: ='Lớp 12'!S199 -> 300.5 | H87: ='Lớp 12'!S231 -> 302 | I87: ='Lớp 12'!S265 -> 300 | J87: ='Lớp 12'!S297 -> 299 | K87: ='Lớp 12'!S332 -> 300.5 | L87: ='Lớp 12'!S364 -> 301.5 | M87: ='Lớp 12'!S399 -> 299 | N87: ='Lớp 12'!S436 -> 300 | O87: ='Lớp 12'!S471 -> 300.5 | P87: =round(average(B87:O87),2) -> 300.18 | Q87: =rank(P87,$P$79:$P$92,0) -> 4
A88: 45942 | B88: ='Lớp 12'!S17 -> 299 | C88: ='Lớp 12'!S57 -> 302 | D88: ='Lớp 12'!S95 -> 298.5 | E88: ='Lớp 12'!S127 -> 300.5 | F88: ='Lớp 12'!S165 -> 300 | G88: ='Lớp 12'!S200 -> 300 | H88: ='Lớp 12'!S232 -> 299.5 | I88: ='Lớp 12'!S266 -> 298 | J88: ='Lớp 12'!S298 -> 300 | K88: ='Lớp 12'!S333 -> 299 | L88: ='Lớp 12'!S365 -> 300 | M88: ='Lớp 12'!S400 -> 298.5 | N88: ='Lớp 12'!S437 -> 298 | O88: ='Lớp 12'!S472 -> 300 | P88: =round(average(B88:O88),2) -> 299.5 | Q88: =rank(P88,$P$79:$P$92,0) -> 7
A89: 45973 | B89: ='Lớp 12'!S18 -> 295.5 | C89: ='Lớp 12'!S58 -> 300 | D89: ='Lớp 12'!S96 -> 296.5 | E89: ='Lớp 12'!S128 -> 297.5 | F89: ='Lớp 12'!S166 -> 301 | G89: ='Lớp 12'!S201 -> 300 | H89: ='Lớp 12'!S233 -> 299 | I89: ='Lớp 12'!S267 -> 300 | J89: ='Lớp 12'!S299 -> 299.5 | K89: ='Lớp 12'!S334 -> 301 | L89: ='Lớp 12'!S366 -> 300 | M89: ='Lớp 12'!S401 -> 299.5 | N89: ='Lớp 12'!S438 -> 300 | O89: ='Lớp 12'!S473 -> 299.5 | P89: =round(average(B89:O89),2) -> 299.21 | Q89: =rank(P89,$P$79:$P$92,0) -> 10
A90: 46003 | B90: ='Lớp 12'!S19 -> 299.5 | C90: ='Lớp 12'!S59 -> 303 | D90: ='Lớp 12'!S97 -> 300.5 | E90: ='Lớp 12'!S129 -> 299 | F90: ='Lớp 12'!S167 -> 301 | G90: ='Lớp 12'!S202 -> 298.5 | H90: ='Lớp 12'!S234 -> 302.5 | I90: ='Lớp 12'!S268 -> 300 | J90: ='Lớp 12'!S300 -> 299.5 | K90: ='Lớp 12'!S335 -> 298 | L90: ='Lớp 12'!S367 -> 300.5 | M90: ='Lớp 12'!S402 -> 297.5 | N90: ='Lớp 12'!S439 -> 298 | O90: ='Lớp 12'!S474 -> 298 | P90: =round(average(B90:O90),2) -> 299.68 | Q90: =rank(P90,$P$79:$P$92,0) -> 6
A91: 12/13 | B91: ='Lớp 12'!S20 -> 297.5 | C91: ='Lớp 12'!S60 -> 302.5 | D91: ='Lớp 12'!S98 -> 298.5 | E91: ='Lớp 12'!S130 -> 301 | F91: ='Lớp 12'!S168 -> 300.5 | G91: ='Lớp 12'!S203 -> 300.5 | H91: ='Lớp 12'!S235 -> 302 | I91: ='Lớp 12'!S269 -> 300 | J91: ='Lớp 12'!S301 -> 300 | K91: ='Lớp 12'!S336 -> 302 | L91: ='Lớp 12'!S368 -> 303 | M91: ='Lớp 12'!S403 -> 298 | N91: ='Lớp 12'!S440 -> 298.5 | O91: ='Lớp 12'!S475 -> 302.5 | P91: =round(average(B91:O91),2) -> 300.46 | Q91: =rank(P91,$P$79:$P$92,0) -> 2
A92: 12/14 | B92: ='Lớp 12'!S21 -> 297 | C92: ='Lớp 12'!S61 -> 302.5 | D92: ='Lớp 12'!S99 -> 300.5 | E92: ='Lớp 12'!S131 -> 301.5 | F92: ='Lớp 12'!S169 -> 301 | G92: ='Lớp 12'!S204 -> 300 | H92: ='Lớp 12'!S236 -> 302.5 | I92: ='Lớp 12'!S270 -> 300 | J92: ='Lớp 12'!S302 -> 298.5 | K92: ='Lớp 12'!S337 -> 300.5 | L92: ='Lớp 12'!S369 -> 301 | M92: ='Lớp 12'!S404 -> 298 | N92: ='Lớp 12'!S441 -> 301.5 | O92: ='Lớp 12'!S476 -> 301.5 | P92: =round(average(B92:O92),2) -> 300.43 | Q92: =rank(P92,$P$79:$P$92,0) -> 3
B94: KHUNG | D94: GỒM CÁC LỚP | H94: TỈ LỆ
B95: I | D95: 12/1; 12/13; 12/14; 12/9; 12/5; 12/12; 12/10; 12/4; 12/6; 12/11; 12/3; 12/7 | H95: 95-100%
B96: II | D96: 12/8; 12/2 | H96: 90-95%
N98: TP. Huế, ngày ..... tháng ...... năm 2026
E99: XÁC NHẬN CỦA BGH | N99: T/M BCH ĐOÀN TRƯỜNG
E100: Hiệu trưởng | N100: Bí thư
E106: Đặng Đức Tuệ | N106: Dương Phước Dũng
